时间,弹幕,发送时间
01:12,红岭中学！,2024.05.29
01:02,四川农业！,2024.05.29
00:58,看好了，硬币之力是这样用的,2024.05.29
00:22,？？？？晚宴烤生啊？,2024.05.29
00:27,快说谢谢扳叔,2024.05.29
00:41,拔叔祝我考上本科,2024.05.29
00:35,高考上岸,2024.05.29
00:22,中考加油！,2024.05.29
00:02,谢谢扳叔,2024.05.29
02:05,高考加油,2024.05.29
02:31,谢谢扳叔,2024.05.29
00:06,生地大捷！！！,2024.05.29
02:00,接接接,2024.05.29
01:08,全省15，目标四川音乐学院,2024.05.29
00:57,谢谢你啊啊啊,2024.05.29
00:44,借您吉言,2024.05.29
00:42,谢谢拔叔,2024.05.29
00:03,高考加油,2024.05.29
01:04,许愿考上！,2024.05.29
00:04,中考加油！,2024.05.29
02:15,高考上岸,2024.05.29
02:14,中考上岸！,2024.05.29
00:26,真·烤生,2024.05.29
00:39,初听不识曲中意，再听已是盘中餐,2024.05.29
01:08,550！！！,2024.05.29
00:49,BGM：追梦赤子心,2024.05.29
00:03,幽默热搜，B站贾玲,2024.05.29
01:28,高考上岸,2024.05.29
00:22,多吃点脑，吃啥补啥,2024.05.29
00:48,~好听~,2024.05.29
01:19,高考上岸,2024.05.29
00:08,高考加油！玛德，捞汁必须去武汉！！！！！,2024.05.29
00:09,梦之泪伤,2024.05.29
00:22,考的不好了，就是下期食材吗？,2024.05.29
01:47,扳叔唱不上去了，哈哈哈,2024.05.29
00:06,谢谢扳叔！,2024.05.29
00:04,感谢,2024.05.29
01:12,指标如何呢,2024.05.29
02:06,考上白云！,2024.05.29
00:21,听不懂了,2024.05.29
00:01,借你吉言,2024.05.29
01:51,高考上岸,2024.05.29
00:05,许愿500！,2024.05.29
01:20,中考加油！！,2024.05.29
00:34,充满鲜花的世界啊到底在哪里,2024.05.29
00:25,谢谢扳叔,2024.05.29
02:10,中考上岸！,2024.05.29
00:30,感谢拔叔，高考上岸,2024.05.29
00:08,金榜题名,2024.05.29
00:10,中考加油！,2024.05.29
01:19,2024广东中考上岸,2024.05.29
00:49,烤生肉,2024.05.29
01:14,高考上岸,2024.05.29
00:11,金榜题名！,2024.05.29
00:50,谢谢扳叔,2024.05.29
02:09,高考上岸QAQ,2024.05.29
00:15,接,2024.05.29
02:15,这下不得不投币了,2024.05.29
01:18,关注了！,2024.05.29
02:19,谢谢！,2024.05.29
02:09,许愿清华，出必还愿,2024.05.29
00:25,长寿挂面,2024.05.29
00:15,烤事加油,2024.05.29
01:20,逢考必过！！,2024.05.29
01:04,6,2024.05.29
00:00,考不上的明年烤,2024.05.29
02:01,拔叔教你做人,2024.05.29
01:08,我一定要考到武汉大学,2024.05.29
01:00,拔叔为你做饭doge,2024.05.29
00:21,感谢,2024.05.29
00:12,我诅咒所有的高考生金榜题名,2024.05.29
00:39,一瞬间鼻子酸了,2024.05.29
01:22,大三白痴爱看,2024.05.29
00:02,高考上岸！！！,2024.05.29
00:08,高考必上,2024.05.29
00:22,谢谢,2024.05.29
01:12,岳中,2024.05.29
01:05,借您吉言！高考必胜！,2024.05.29
00:07,我饿了。,2024.05.29
02:32,谢谢你,2024.05.29
02:07,高考上岸,2024.05.29
00:25,谢谢拔叔,2024.05.29
00:23,谢谢接了,2024.05.29
00:19,祝过线,2024.05.29
00:25,明天去考场少了一条腿。,2024.05.29
00:00,生物稳了,2024.05.29
00:00,求bgm！！！！！,2024.05.29
00:12,中考必胜！,2024.05.29
01:49,好！很有精神,2024.05.29
00:28,撸铁的手,2024.05.29
00:10,中烤,2024.05.29
02:04,高考上岸！,2024.05.29
00:03,接！,2024.05.29
00:46,谢谢扳叔,2024.05.29
00:06,祝我考试顺利,2024.05.29
01:46,中考加油,2024.05.29
00:13,接,2024.05.29
01:29,上岸！！,2024.05.29
01:49,黄字要小心了,2024.05.29
00:12,烤生,2024.05.29
01:02,一本！,2024.05.29
00:45,谢谢扳叔,2024.05.29
00:25,这晚宴用几个出题老师做的（,2024.05.29
01:04,我要考西南大学心理学！,2024.05.29
00:54,我一定要考上211！！,2024.05.29
00:14,中考加油！,2024.05.29
00:07,本期食材：年级主任,2024.05.29
02:09,接！,2024.05.29
00:21,高考上岸！,2024.05.29
00:12,接接接,2024.05.29
00:14,加油,2024.05.29
02:22,有压力就不好吃了,2024.05.29
00:21,谢谢拔叔,2024.05.29
01:23,高考加油！,2024.05.29
02:14,高考上岸。,2024.05.29
00:32,中考上岸！,2024.05.29
01:44,笑了不剪功德把，比较我已经准备给推上餐桌,2024.05.29
00:09,高考金榜题名,2024.05.29
00:21,加油能烤得更熟,2024.05.29
00:07,高考加油，540,2024.05.29
02:26,那我没努力的呢,2024.05.29
02:31,谢谢叔,2024.05.29
01:02,考好上岸,2024.05.29
00:14,素食者在桌上呢,2024.05.29
00:05,接！,2024.05.29
00:40,中考上岸,2024.05.29
00:41,泪目了,2024.05.29
00:26,你一筷我一筷,2024.05.29
00:17,谢谢拔叔，生物稳了！,2024.05.29
00:04,我,2024.05.29
02:32,谢谢拔叔,2024.05.29
00:23,谢谢,2024.05.29
00:47,高考加油,2024.05.29
01:19,虽然高一了，但是谢谢扳叔,2024.05.29
00:01,谢谢，中考大捷！,2024.05.29
02:11,中考上岸！,2024.05.29
00:09,高考加油，金榜题名！,2024.05.29
00:46,哇哇哇，好听,2024.05.29
01:29,大家别误会者这才是拔叔真正的样子,2024.05.29
00:19,接,2024.05.29
02:19,锅力,2024.05.29
02:04,高考加油,2024.05.29
02:18,谢谢!!!,2024.05.29
01:40,中考高考加油学弟学妹,2024.05.29
00:19,中考加油！,2024.05.29
02:02,中考上岸,2024.05.29
00:18,高考加油！,2024.05.29
00:14,中考加油！,2024.05.29
00:24,加金龙鱼油,2024.05.29
00:18,中考加油！！！,2024.05.29
00:14,接,2024.05.29
00:45,不管是拔还是扳，一样这么优雅,2024.05.29
00:49,金榜题名！,2024.05.29
00:00,进京赶烤,2024.05.29
00:18,拔叔你又要挑选食材了吗,2024.05.29
02:25,接,2024.05.29
00:21,我吃,2024.05.29
02:00,高考加油！！,2024.05.29
00:34,追梦赤子心,2024.05.29
00:07,稳。。。啦？（满分50才四十多）（地生）,2024.05.29
00:24,谢谢,2024.05.29
00:12,生物稳了！,2024.05.29
00:05,《升学宴》,2024.05.29
00:41,追梦赤子心！！！！！！！！！,2024.05.29
00:17,9天，上岸,2024.05.29
00:09,谢谢拨书,2024.05.29
01:03,湖南工商，借您吉言,2024.05.29
00:06,仿生人时代,2024.05.29
01:20,中考必胜！！！,2024.05.29
02:26,谢谢,2024.05.29
00:14,高考胜利！,2024.05.29
00:04,接,2024.05.29
02:12,高考上岸,2024.05.29
00:10,高考加油，中考加油，金榜题名,2024.05.29
02:24,谢谢。,2024.05.29
00:27,谢谢！,2024.05.29
00:06,学弟学妹们加油！！！,2024.05.29
00:02,应该是生物稳了,2024.05.29
02:28,谢谢扳叔，加油！,2024.05.29
01:51,接接接接接接接接接接接接接接接接接接接接接接接接接接接接接接接接接接接接接接接接接接接接接接接接接接接接接接接接接接接接接接接接接接接接接接接接接接接接接接接接接接接接接接接接接接接接接接接接接接接接,2024.05.29
01:06,借您吉言，谢谢,2024.05.29
01:26,蛙趣这什么特效啊！爱了,2024.05.29
01:09,谢谢扳叔！,2024.05.29
00:18,感谢拔叔,2024.05.29
01:40,至少是真唱,2024.05.29
00:11,高考必胜,2024.05.29
01:22,中考加油！！中考上岸！！中考必胜！！,2024.05.29
01:49,真实,2024.05.29
01:26,腌着冷盐和炒香~,2024.05.29
00:08,草，朱元璋,2024.05.29
00:19,中文这么好？（）,2024.05.29
00:07,祝我高考必胜！,2024.05.29
00:10,谢谢拔哥,2024.05.29
01:22,香钳刨！,2024.05.29
00:41,中考大捷，二中等我！！！,2024.05.29
01:20,中考加油！！中,2024.05.29
00:40,高考上岸！！！,2024.05.29
00:02,我谢谢你啊,2024.05.29
00:22,碗里面去,2024.05.29
00:19,高考上岸！！！,2024.05.29
01:09,彩！,2024.05.29
02:28,谢谢,2024.05.29
00:28,这手掌吓我一跳,2024.05.29
00:14,金榜题名,2024.05.29
00:25,谢谢板叔,2024.05.29
00:41,谢谢拔叔,2024.05.29
00:46,不是你真会啊？？？,2024.05.29
00:20,大学牲期末考不用加油吗,2024.05.29
00:26,谢谢拔叔！,2024.05.29
00:25,中烤高烤,2024.05.29
02:06,谢谢你,2024.05.29
00:16,中考加油！,2024.05.29
00:36,高考拿下！,2024.05.29
02:32,谢谢扳叔，借你吉言,2024.05.29
00:36,谢谢拔叔,2024.05.29
01:17,加油,2024.05.29
00:09,高考加油！,2024.05.29
00:55,中考上岸,2024.05.29
02:03,中考上岸，考上一中,2024.05.29
00:44,大家中考高考加油！,2024.05.29
00:24,物理意义上加油！,2024.05.29
00:14,中考加油！金榜题名,2024.05.29
00:52,高考加油,2024.05.29
00:35,高考金榜题名！,2024.05.29
00:27,接,2024.05.29
01:21,没问题,2024.05.29
00:20,高烤,2024.05.29
00:00,这下物理稳了,2024.05.29
00:11,中考加油,2024.05.29
02:32,谢谢拔叔,2024.05.29
00:58,考到理想分数！,2024.05.29
00:47,高考上岸,2024.05.29
02:26,感谢拔叔！,2024.05.29
01:02,四川大学,2024.05.29
02:15,尝试八天速通高考,2024.05.29
00:41,高考上岸,2024.05.29
00:23,谢谢拔叔,2024.05.29
01:08,邢台二中！,2024.05.29
00:42,金榜题名！,2024.05.29
01:05,借你吉言,2024.05.29
00:58,厦门大学,2024.05.29
02:15,中考加油！立志市前60！,2024.05.29
00:06,中国农业大学24年稳了嗷,2024.05.29
02:30,加油！！！,2024.05.29
01:59,我们都在努力奔跑，我们都是追梦人,2024.05.29
02:18,谢谢扳叔！！！,2024.05.29
00:20,这下真听懂了,2024.05.29
01:14,中考必胜！！！,2024.05.29
02:07,才发现up主的名字不是“汉尼拔”,2024.05.29
02:01,高考加油,2024.05.29
00:27,接祝福，高考450+,2024.05.29
00:26,感谢扳叔,2024.05.29
00:04,高考加油！中考必胜！金榜题名！,2024.05.29
00:45,考不好上餐桌,2024.05.29
00:16,请问我是主菜吗,2024.05.29
02:01,高考加油,2024.05.29
01:16,孙佳齐本科上岸,2024.05.29
01:23,杭二中等我！！！！！！！,2024.05.29
01:57,高考加油,2024.05.29
00:09,中考加油！！！,2024.05.29
02:16,没高中的全被拿来做肉馅了,2024.05.29
01:57,饿了,2024.05.29
00:41,这歌让我想到了那兔,2024.05.29
01:14,谢谢你，阿扳,2024.05.29
00:54,考上理想大学！,2024.05.29
00:46,高考上岸！,2024.05.29
00:10,考上好大学!,2024.05.29
00:04,高考必胜,2024.05.29
00:05,高考加油！取到好成绩。金榜题名,2024.05.29
01:33,考上南雅！,2024.05.29
01:13,地生满分。,2024.05.29
00:15,中考必胜！,2024.05.29
01:01,谢谢,2024.05.29
02:09,谢谢拔叔,2024.05.29
01:18,一中！,2024.05.29
00:05,高考必胜，金榜题名！,2024.05.29
00:17,谢谢拔叔,2024.05.29
00:00,加油,2024.05.29
00:24,使不得使不得,2024.05.29
00:13,24届中考加油！,2024.05.29
00:12,万事顺意，高考加油,2024.05.29
02:32,加油,2024.05.29
01:52,加油！,2024.05.29
02:31,加油！,2024.05.29
02:31,谢谢拔叔,2024.05.29
00:02,欣贵人,2024.05.29
01:55,中考上岸，三中等我,2024.05.29
00:02,欣常在,2024.05.29
00:03,高考加油，中考加油，金榜题名,2024.05.29
00:18,上岸！,2024.05.29
02:31,好！,2024.05.29
01:09,中考顺利中考顺利中考顺利二段顺利！中考考上四中零班,2024.05.29
00:50,啊？,2024.05.29
00:21,谢谢拔叔,2024.05.29
00:17,这下听懂了,2024.05.29
00:25,接,2024.05.29
00:07,狂人日记,2024.05.29
00:00,中考必胜！金榜题名！,2024.05.29
02:25,紧张了肉会变酸的,2024.05.29
00:54,拔叔，高考完放松的肉最好吃,2024.05.29
01:00,德川（幻视）,2024.05.29
00:29,感谢板叔,2024.05.29
00:22,感谢扳叔！重本上岸,2024.05.29
02:24,谢谢,2024.05.29
00:02,烤    生,2024.05.29
00:13,有点像科比,2024.05.29
01:16,最早的一集,2024.05.29
02:03,高考加油，高考必胜！,2024.05.29
02:09,谢谢拔叔！,2024.05.29
02:12,高考必上,2024.05.29
00:23,感谢扳叔,2024.05.29
01:38,哥们你这混声真无敌啊,2024.05.29
00:01,尼拔の小曲儿,2024.05.29
01:23,我超这强混,2024.05.29
02:27,做饭最重要的是好吃，做人也一样,2024.05.29
00:04,1000+！！！,2024.05.29
02:29,谢谢板叔,2024.05.29
01:24,高音升C,2024.05.29
00:10,跟着拔叔学做人,2024.05.29
01:00,同桌好香啊~,2024.05.29
01:00,借您吉言！,2024.05.29
00:19,高考加油！！！！,2024.05.29
01:54,接！！,2024.05.29
01:16,没破音没那味儿（doge）,2024.05.29
00:41,天天向上！,2024.05.29
00:15,听懂了,2024.05.29
01:17,考上二中统招！,2024.05.29
00:48,???我以为是原唱,2024.05.29
00:39,拔叔：经历高考后的大脑才是最好吃的（doge,2024.05.29
02:08,高考加油！！！！！,2024.05.29
01:43,高考加油,2024.05.29
00:10,考不上就吃了你,2024.05.29
00:23,同学你们好香,2024.05.29
00:24,感谢拔叔！！！,2024.05.29
02:21,谢谢,2024.05.29
00:13,高考必胜,2024.05.29
00:00,烤生准备进入烤场,2024.05.29
00:00,烤生,2024.05.29
00:23,金榜题名,2024.05.29
01:25,nb,2024.05.29
00:00,考不上就做人,2024.05.29
00:00,《烤生》,2024.05.29
00:37,高考加油上岸,2024.05.29
00:44,必上二中！,2024.05.29
01:38,拔叔，快去歌手，救救那英吧,2024.05.29
02:32,借您吉言，让我和我爱的人一起考上同一所理想的大学，必胜！！！,2024.05.29
00:42,虽然我大学了，但还是谢谢板书，祝大家考试顺利！,2024.05.29
00:21,加花生油,2024.05.29
02:21,谢谢,2024.05.29
02:09,高考上岸,2024.05.29
00:02,请，祝福我吧,2024.05.29
00:24,吃啥补啥，给我来块脑花,2024.05.29
01:13,考上一中,2024.05.29
01:47,谢谢扳叔,2024.05.29
02:29,加油！,2024.05.29
00:06,谢谢拔叔,2024.05.29
01:22,我超,2024.05.29
00:28,TM吓我一哆嗦,2024.05.29
01:33,中考加油,2024.05.29
01:58,2024高考加油！,2024.05.29
00:06,接,2024.05.29
00:09,金榜题名,2024.05.29
00:50,高考上岸,2024.05.29
00:21,高考英语加油！,2024.05.29
00:25,谢谢拔叔,2024.05.29
00:16,中考6a+!!,2024.05.29
00:12,谢谢你拨叔,2024.05.29
00:19,没有金榜题名的都会被拔叔吃掉嘛,2024.05.29
00:45,好好6145,2024.05.29
00:50,大爱扳叔,2024.05.29
00:37,二建没牌面,2024.05.29
02:27,加油！,2024.05.29
00:16,随机挑选一个考生吃掉,2024.05.29
01:09,考试加油，兄弟们！,2024.05.29
00:04,中考加油，金榜题名，考上一中。,2024.05.29
00:01,少加点油谢谢，最近想吃清淡一点,2024.05.29
00:24,谢谢拔叔！,2024.05.29
00:11,中考加油！,2024.05.29
01:17,三连,2024.05.29
01:29,汉尼拔秒变吴奇隆,2024.05.29
02:02,拔叔做的粽子还能是什么馅,2024.05.29
00:47,踩一捧一是最脑惭的行为,2024.05.29
01:07,最不正常的食材,2024.05.29
00:06,必上岸,2024.05.29
00:24,考的好的吃肉 考不好的自己想想,2024.05.29
00:30,谢谢扳叔,2024.05.29
00:22,要不上高中/大学要不进菜单，好好学,2024.05.29
01:06,考上一中,2024.05.29
01:17,中考加油！！,2024.05.29
01:00,好,2024.05.29
02:24,谢谢扳叔,2024.05.29
00:02,汉尼拔为烤生加油,2024.05.29
00:45,啊,2024.05.29
00:06,金榜题名，中考必胜,2024.05.29
00:11,中考加油,2024.05.29
01:06,谢谢,2024.05.29
00:42,高考加油！,2024.05.29
00:05,接接接，高考超常发挥,2024.05.29
00:02,这个考生是指烤生嘛 这个加油是加食用油啊,2024.05.29
00:23,有点像黄晓明,2024.05.29
00:26,出师未捷身先死,2024.05.29
00:13,高考五百！！！,2024.05.29
00:02,华北水利水电大学,2024.05.29
01:32,这个混声很不错啊,2024.05.29
00:34,吓我一跳,2024.05.29
00:14,地生中考加油,2024.05.29
00:07,中考加油！,2024.05.29
00:29,稳了，谢谢拔叔,2024.05.29
00:01,中考接,2024.05.29
00:10,接好运祝我上岸,2024.05.29
00:12,稳了，,2024.05.29
00:23,谢谢拔叔！,2024.05.29
00:46,强而有力，强而有力啊,2024.05.29
00:59,地生满分，借您吉言,2024.05.29
00:12,中考必过！！！,2024.05.29
00:15,金榜题名,2024.05.29
00:04,做人的小曲,2024.05.29
00:38,逢考必过,2024.05.29
00:30,谢谢扳叔,2024.05.29
01:04,谢谢板叔,2024.05.29
00:15,英语稳了,2024.05.29
02:07,中考上岸！,2024.05.29
02:31,感谢扳叔，我只要考上公立学校就可以了,2024.05.29
00:38,一高等我！！！,2024.05.29
00:15,这回听懂了,2024.05.29
01:17,同款不粘锅！,2024.05.29
02:03,高考上岸,2024.05.29
01:47,为什么我仿佛看到了某位故人（doge）,2024.05.29
00:10,接接接接接接接接接接接接接,2024.05.29
00:24,这次中考稳了！！！,2024.05.29
00:25,到里面去就出不来了,2024.05.29
02:22,谢谢,2024.05.29
00:11,考生在锅里,2024.05.29
02:15,不拖鞋,2024.05.29
01:27,我草你来真的,2024.05.29
00:58,展翅高飞，一飞冲天，高中,2024.05.29
01:05,谢谢板叔！,2024.05.29
00:07,考不好上餐桌啊,2024.05.29
00:00,507,2024.05.29
00:10,谢谢板叔,2024.05.29
00:08,中考必过！！！,2024.05.29
00:15,我要小升初了我没听到祝福……哭了,2024.05.29
01:43,笑了的，今晚小心点,2024.05.29
00:54,草,2024.05.29
00:17,这下听不懂了,2024.05.29
00:08,560！,2024.05.29
00:10,中考必过,2024.05.29
02:02,谢谢拔叔,2024.05.29
01:37,唯一没有动杀心的一集,2024.05.29
00:01,谁知盘中餐，粒粒皆亲属,2024.05.29
00:43,借你吉言,2024.05.29
00:29,谢谢拔叔,2024.05.29
00:13,金榜题名！,2024.05.29
00:11,涨粉狂魔,2024.05.29
00:07,谢谢板叔,2024.05.29
00:04,马上中考了！中考必胜！考上自己喜欢的高中！！！,2024.05.29
00:07,地生中考加油,2024.05.29
01:19,666,2024.05.29
01:53,努力了已经,2024.05.29
01:08,！,2024.05.29
00:58,加油！！！,2024.05.29
01:26,哈哈,2024.05.29
00:39,大家加油,2024.05.29
00:46,不是，你真唱啊？,2024.05.29
01:06,深实验！,2024.05.29
01:14,中考加油！！！！！,2024.05.29
00:27,提高一分，干掉千人,2024.05.29
01:51,三连了三连了这是真用心了,2024.05.29
00:47,我费梁柯一定要上一本,2024.05.29
00:39,北大等我,2024.05.29
02:18,承您吉言，中考上岸,2024.05.29
00:19,中考上岸！,2024.05.29
02:30,扳叔来给你开心（不是）,2024.05.29
00:15,稳了稳了,2024.05.29
01:53,一中等我,2024.05.29
00:09,黄晓明,2024.05.29
00:11,24年中考生苏州高新区第一初中初三7班pzw实名中考必胜,2024.05.29
01:54,《插翅难飞》,2024.05.29
00:18,小伙慢炖,2024.05.29
00:49,中考加油,2024.05.29
00:07,接,2024.05.29
00:05,马上中考了,2024.05.29
00:22,是加菜籽油还是花生油？,2024.05.29
00:21,吃学渣(不是),2024.05.29
01:28,哈哈哈,2024.05.29
02:20,谢谢,2024.05.29
01:58,中考上岸,2024.05.29
01:21,上岸,2024.05.29
00:26,感谢扳叔！,2024.05.29
00:26,感谢扳叔！,2024.05.29
02:25,谢谢拔叔！,2024.05.29
00:14,中考加油,2024.05.29
00:03,我饿了,2024.05.29
00:28,中考必过,2024.05.29
00:10,金榜题名,2024.05.29
00:14,中考加油！！！！！！,2024.05.29
00:02,考（烤）得不好，吃得不香,2024.05.29
00:07,中考必过！！！,2024.05.29
00:06,谢谢板叔,2024.05.29
00:26,谢谢拔叔,2024.05.29
00:21,闭眼才发现晚宴是我自己,2024.05.29
01:04,同学们一定一定要加油啊,2024.05.29
00:04,并！并非！,2024.05.29
00:05,长得好像边江,2024.05.29
00:08,谢谢拔叔,2024.05.29
00:24,考好了上桌，考不好上菜单,2024.05.29
01:50,掌握了歌曲的精髓,2024.05.29
01:10,脚神？,2024.05.29
00:14,稳了,2024.05.29
00:40,借您吉言,2024.05.29
00:25,谢谢扳叔,2024.05.29
00:26,謝謝扳叔,2024.05.29
00:24,谢谢拔叔,2024.05.29
01:35,加油,2024.05.29
01:32,这里就是动态说的唱劈了哈哈哈哈哈哈,2024.05.29
02:31,谢谢你，扳叔,2024.05.29
00:43,谢谢板叔！,2024.05.29
02:06,谢谢谢谢 ,2024.05.29
02:23,谢谢扳叔的祝福,2024.05.29
00:54,扳叔才艺多,2024.05.29
00:41,感谢,2024.05.29
00:46,谢谢扳叔,2024.05.29
00:15,谢谢拔叔！,2024.05.29
00:06,中考必胜,2024.05.29
00:06,中考加油,2024.05.29
02:18,谢谢,2024.05.29
01:08,这币给了,2024.05.29
00:38,失败者都在餐桌上,2024.05.29
00:26,考的不好就要当晚宴doge,2024.05.29
02:25,紧张会让肉变酸,2024.05.29
00:04,金榜题名,2024.05.29
00:45,声音出来我就投币了,2024.05.29
00:02,我！,2024.05.29
00:51,6,2024.05.29
00:02,高考加油，中考必胜，金榜题名！,2024.05.29
00:27,借你吉言,2024.05.29
00:49,？？？,2024.05.29
00:06,我饿了老是,2024.05.29
00:28,谢谢拔叔,2024.05.29
01:10,最帅的一集,2024.05.29
00:48,啊？,2024.05.29
00:06,跨学科稳了,2024.05.29
00:34,二中等我,2024.05.29
02:14,谢谢拔叔,2024.05.29
00:23,到（锅）里面去,2024.05.29
00:26,断头饭,2024.05.29
02:22,谢谢扳叔!!!,2024.05.29
00:57,食材是教导主任和校长,2024.05.29
00:04,me（即答）,2024.05.29
01:28,？？？？？,2024.05.29
00:25,不会是用大学生的吧,2024.05.29
01:44,鲜血洒满了怀抱（物理）,2024.05.29
00:24,谢谢扳叔,2024.05.29
01:10,等等，这不粘锅用金属锅铲没问题吗,2024.05.29
00:48,？,2024.05.29
00:23,到锅里面去（确信）,2024.05.29
00:46,高考上岸！一本！,2024.05.29
01:47,虚了，哈哈哈,2024.05.29
01:26,我擦，真声,2024.05.29
02:01,谢谢拔叔！,2024.05.29
02:28,谢谢扳叔,2024.05.29
00:06,I am hungry....,2024.05.29
01:11,《手比较笨》,2024.05.29
01:18,中考上岸,2024.05.29
00:40,钢琴大蛇！,2024.05.29
01:06,不是你唱的吧，你告诉我不是你,2024.05.29
01:04,？？？,2024.05.29
01:07,不是你真会啊,2024.05.29
00:21,保送了嘿嘿，祝你们也能考上心仪大学,2024.05.29
00:39,谢谢板叔我是中考生，祝大家中高考加油,2024.05.29
01:57,弹幕里要高考的小伙伴们都加油！,2024.05.29
00:46,感谢工口汉化组,2024.05.29
00:49,兔子！！！！！,2024.05.29
00:23,一小时前,2024.05.29
00:18,出音味来,2024.05.29
00:26,谢谢扳叔！,2024.05.29
00:25,谢谢扳叔,2024.05.29
00:27,谢谢拔叔,2024.05.29
00:28,谢谢扳叔,2024.05.29
00:03,谢谢拔叔,2024.05.29
00:14,好！,2024.05.29
00:15,好！,2024.05.29
00:34,谢谢拔叔！,2024.05.29
00:21,还有15天中考,2024.05.29
01:49,亦忘无前,2024.05.29
00:35,哇哦,2024.05.29
00:56,高粽,2024.05.29
00:24,所有课都稳了,2024.05.29
00:22,loser只会不错dinner,2024.05.29
00:50,好听,2024.05.29
00:46,啊？,2024.05.29
00:02,我！,2024.05.29
01:58,中考上岸，借你吉言,2024.05.29
00:22,谢谢扳叔！,2024.05.29
00:47,哇,2024.05.29
02:15,谢谢扳叔,2024.05.29
01:58,高考上岸！,2024.05.29
00:48,一个人(bushi),2024.05.29
01:53,没有技巧，全是感情,2024.05.29
00:48,他是歌手呢,2024.05.29
00:23,谢谢拔叔,2024.05.29
00:31,高烤,2024.05.29
01:34,百万调音师发挥效果,2024.05.29
02:15,太帅了扳叔,2024.05.29
00:48,那兔！,2024.05.29
00:08,Are you hungry,2024.05.29
00:48,不是哥们,2024.05.29
00:08,他好温柔，我好爱,2024.05.29
01:08,中考上岸,2024.05.29
00:38,突然想到那兔,2024.05.29
00:34,感谢,2024.05.29
00:37,谢谢扳叔,2024.05.29
00:23,吃几个学霸补补,2024.05.29
02:29,开心（物理）,2024.05.29
00:47,我靠泪目,2024.05.29
01:16,人翅,2024.05.29
00:19,我的发，你总不会是想吃出试卷的老师了吧？,2024.05.29
01:24,666666666666,2024.05.29
00:22,红门宴,2024.05.29
00:22,谢谢扳叔,2024.05.29
01:56,他应该跑得更快,2024.05.29
00:05,接,2024.05.29
00:56,这次做的竟然不是人,2024.05.29
00:15,我们来做一顿生烤烤生,2024.05.29
01:14,你是真会做啊,2024.05.29
00:27,扳叔手有老茧一看就是会健身会做菜的人,2024.05.29
00:36,拔叔：我想吃高质量的食材，所以加油哦！,2024.05.29
01:44,很有少年感啊这声音,2024.05.29
02:18,没问题，就是你拿高压锅干什么doge,2024.05.29
00:16,期末不挂科！！！,2024.05.29
00:36,谢谢扳叔,2024.05.29
01:41,hhhhhhhhh,2024.05.29
00:41,您币有了,2024.05.29
02:22,因为这样才好吃。,2024.05.29
00:16,高考可以重来，人生只有一次，把握当下永不言弃，加油,2024.05.29
02:06,手好好看啊~,2024.05.29
00:51,我要考西南大学心理学！,2024.05.29
01:00,可以啊！,2024.05.29
00:25,鸿门宴,2024.05.29
00:32,谢谢拔叔，大家中高考加油！,2024.05.29
02:22,最正能量的一集,2024.05.29
00:00,省流：仁慈的一集,2024.05.29
00:14,谢谢拔叔！,2024.05.29
00:28,这次真的太仁慈了,2024.05.29
00:06,大荒囚天指(1/1),2024.05.29
00:58,人肉粽子,2024.05.29
00:03,接,2024.05.29
00:23,谢谢拔叔！,2024.05.29
00:13,30分钟,2024.05.29
02:32,升华了！,2024.05.29
01:44,酷毙了扳叔！,2024.05.29
00:00,这一期别心疼币了，赶紧投！,2024.05.29
00:25,快到碗里来,2024.05.29
00:39,您币有了,2024.05.29
02:30,做人最重要的是火候,2024.05.29
00:30,最后的晚宴,2024.05.29
00:31,谢谢扳叔,2024.05.29
01:25,厉害厉害,2024.05.29
02:18,谢谢,2024.05.29
00:27,《最后的晚餐》,2024.05.29
00:52,不是，你来真的啊,2024.05.29
01:52,中考加油，上岸！,2024.05.29
01:42,少年音诶,2024.05.29
00:19,烤生,2024.05.29
00:09,生物稳了,2024.05.29
00:33,借您吉言,2024.05.29
00:22,谢谢拔舒,2024.05.29
00:25,谢谢扳叔,2024.05.29
00:13,生物紊了,2024.05.29
00:03,来听高哥,2024.05.29
02:29,《真·开心》,2024.05.29
01:49,哈哈哈,2024.05.29
01:28,哈哈哈哈哈哈哈哈哈哈哈哈哈哈哈,2024.05.29
02:22,会吃的.jpg,2024.05.29
00:23,谢谢板叔,2024.05.29
00:57,可以啊,2024.05.29
00:54,粽子寓意高中,2024.05.29
00:03,高考600！等我,2024.05.29
00:49,鸡翅是人的哪个部位？,2024.05.29
00:04,解剖学稳了,2024.05.29
02:15,有压力肉质紧实就不好吃了,2024.05.29
00:56,高烤,2024.05.29
02:27,借你吉言,2024.05.29
00:49,？,2024.05.29
00:22,考不好的就烤好一点哦,2024.05.29
01:53,哈哈哈哈哈哈哈哈哈可爱捏,2024.05.29
01:59,谢谢拔叔,2024.05.29
01:41,哈哈哈哈哈哈可爱捏,2024.05.29
02:00,高考上岸,2024.05.29
00:49,《高烤学生肉》,2024.05.29
01:40,谁笑了今晚炖谁（狗头）,2024.05.29
00:03,考的不好的都在这里了,2024.05.29
01:58,主打的就是一个真实，不搞声卡那一套,2024.05.29
00:15,好,2024.05.29
00:00,最不做人的一集,2024.05.29
01:27,哈哈哈哈,2024.05.29
00:00,谢谢拔叔,2024.05.29
02:16,高考十年了呀,2024.05.29
00:30,这个镜头真的触动我了 ,2024.05.29
00:09,我想吃班主任！拔叔,2024.05.29
02:19,谢谢扳叔！！借您吉言！,2024.05.29
00:21,谢谢拔叔,2024.05.29
00:35,扳叔不火天理难容,2024.05.29
00:15,最支持的一集,2024.05.29
01:57,中考上岸，考上一中,2024.05.29
00:51,UP主他原本是音乐人…,2024.05.29
01:04,哥们你真会啊,2024.05.29
01:59,大力王（难视）,2024.05.29
00:37,不得不投币了,2024.05.29
00:39,最饿肚子的一集,2024.05.29
02:22,看到拔叔我更有压力了,2024.05.29
02:29,不加油会烤柴,2024.05.29
00:18,加油,2024.05.29
00:10,稳了，所有科都稳了,2024.05.29
01:18,向前跑！,2024.05.29
00:14,这下听懂了,2024.05.29
01:48,继续跑(只这样才更有食欲),2024.05.29
02:22,考完随身葱姜蒜，别人板叔太难办,2024.05.29
00:19,准备试菜,2024.05.29
00:25,汗流浃背,2024.05.29
00:44,最爱听的歌之一,2024.05.29
00:21,谢谢扳叔,2024.05.29
00:34,高三八班！（无端联想）,2024.05.29
00:52,居然不是人肉,2024.05.29
00:38,最正能量的一集！,2024.05.29
00:19,谢谢拔叔,2024.05.29
01:05,刚刚的镜头好帅,2024.05.29
02:16,在锅里物理燃烧？,2024.05.29
00:24,胃里是吧,2024.05.29
00:27,高中生没几个知道拔叔吧,2024.05.29
00:46,好好好,2024.05.29
02:02,人馅,2024.05.29
00:44,高烤,2024.05.29
02:10,当然是肉馅的了，这里没有素食者,2024.05.29
00:53,好像王力宏的声音,2024.05.29
00:07,碗里的肉瞬间就香了。,2024.05.29
01:17,心动了,2024.05.29
00:01,食材是學校主任,2024.05.29
00:39,本科生起吃，努力成为食材吧！,2024.05.29
00:41,高中班歌嘿，真不错嗷，现在都成为回忆了,2024.05.29
01:19,高考上岸！,2024.05.29
02:32,不还有盐,2024.05.29
00:37,好活当赏（你币有了）,2024.05.29
01:11,占领空瓶,2024.05.29
00:26,失败的就带好葱姜蒜来拔叔面前就范（doge）,2024.05.29
00:56,为什么你可以掌控所有声线,2024.05.29
02:25,应该是火候（狗头）总之加油吧少年！,2024.05.29
00:47,好听！！！,2024.05.29
02:27,《开心》（物理上）,2024.05.29
01:02,正能量,2024.05.29
01:01,啊珍，你来真的？,2024.05.29
00:45,哇,2024.05.29
00:05,数学英语能考高分！,2024.05.29
01:54,中考上岸！,2024.05.29
00:21,快60w了？,2024.05.29
01:58,粽子什么馅？,2024.05.29
00:01,为中、高烤的食材们加食用油（doge）,2024.05.29
00:21,俗话说得好，吃啥补啥(doge),2024.05.29
00:16,高考600加,2024.05.29
01:31,其实还行，这一段不用自黑,2024.05.29
01:32,这首歌就是要破音,2024.05.29
00:08,挽宴,2024.05.29
00:53,学做人,2024.05.29
00:22,感谢拔叔,2024.05.29
00:27,谢,2024.05.29
00:33,高考完在吃你们,2024.05.29
00:45,中考上岸！,2024.05.29
00:07,give me my bb back,2024.05.29
01:31,今晚自觉备好葱姜蒜料酒,2024.05.29
00:38,考完就是优质食材了,2024.05.29
00:03,生物稳了！,2024.05.29
01:30,大伙又看到了扳叔失误的场面,2024.05.29
01:31,这个特效啊,2024.05.29
00:18,升天宴,2024.05.29
00:07,最早的一集,2024.05.29
02:22,465个人那个，来了,2024.05.29
00:01,做人最重要的就是开心,2024.05.29
00:22,到里面去 指烤箱,2024.05.29
01:32,哈哈哈哈哈哈哈哈哈哈哈,2024.05.29
01:49,高考加油！！！,2024.05.29
00:06,三分,2024.05.29
00:49,《关于人有鸡翅》,2024.05.29
01:38,逐渐扭曲抽象的扳叔,2024.05.29
01:46,抱～～哈哈哈,2024.05.29
01:31,太高了可以降调的,2024.05.29
00:44,不是，你真会呀,2024.05.29
00:43,比原版好听,2024.05.29
01:42,牛的,2024.05.29
01:50,上不去了哈哈,2024.05.29
00:09,3分钟前,2024.05.29
02:31,《开心》,2024.05.29
02:13,谢谢!!!,2024.05.29
01:23,NB,2024.05.29
01:26,哈哈哈哈,2024.05.29
00:28,最仁慈的一集,2024.05.29
00:27,摄影师不会又要没了,2024.05.29
00:58,我去是这首歌！想起那兔了,2024.05.29
00:51,我超!,2024.05.29
00:00,生物课补习班拔老师开课啦！,2024.05.29
01:54,承您吉言,2024.05.29
00:05,稳啦！,2024.05.29
02:12,谢谢你,2024.05.29
01:07,《手比脚笨》,2024.05.29
00:06,最早的一次,2024.05.29
00:17,升学前吃一顿升学宴吧,2024.05.29
00:18,拔叔劝学,2024.05.29
02:23,烤箱的大门就会为你敞开(不是),2024.05.29
01:37,那个向前跑，我会觉得在空地上会更好一点，不然有回音真的很尴尬,2024.05.29
01:31,哈哈哈哈哈,2024.05.29
00:46,不是哥们你来真的啊,2024.05.29
00:25,指冰柜,2024.05.29
00:18,感谢扳叔！,2024.05.29
00:08,数学稳了,2024.05.29
01:00,没人发弹幕？,2024.05.29
00:13,好！！！,2024.05.29
00:29,到哪里去，要带我到哪里去！！？？,2024.05.29
01:31,诗人,2024.05.29
01:28,哈哈哈哈哈绷不住了,2024.05.29
00:22,升天宴（确信）,2024.05.29
00:03,优雅，实在是优雅,2024.05.29
00:05,最早的一集,2024.05.29
01:23,你真会啊？,2024.05.29
00:54,抽象,2024.05.29
00:40,高考都给我上岸！！！,2024.05.29
00:07,刷到就稳了,2024.05.29
00:53,牛,2024.05.29
01:02,阿扳你来真的啊,2024.05.29
02:12,那465个人出来,2024.05.29
01:03,！,2024.05.29
00:29,你们不上岸，拔叔不屑吃（doge,2024.05.29
00:14,玉音放送,2024.05.29
00:04,给烤生补充营养,2024.05.29
00:07,视频最长的一次,2024.05.29
00:45,开口跪,2024.05.29
00:52,这生姜，笑死了,2024.05.29
00:46,可以啊，很有感觉，开口跪,2024.05.29
00:05,早,2024.05.29
02:23,让你看到这条弹幕的时候你就不是第一了,2024.05.29
00:51,不要停下来啊…(bushi),2024.05.29
00:42,好听,2024.05.29
00:27,一分钟前,2024.05.29
00:28,最没有食欲的一集,2024.05.29
00:57,你来真的,2024.05.29
00:44,不是，哥们，你真的会啊？？,2024.05.29
01:25,牛逼,2024.05.29
00:30,最仁慈的一集,2024.05.29
00:28,他好温柔，我哭死,2024.05.29
00:14,升学宴doge,2024.05.29
00:01,考不好的下锅,2024.05.29
00:27,以为不火， 原来是来早了 ,2024.05.29
00:37,所有的食材就要高考了,2024.05.29
00:19,早,2024.05.29
00:00,生物稳了,2024.05.29
00:06,早,2024.05.29
00:02,最早的一次！,2024.05.29
00:00,早,2024.05.29
00:09,加油,2024.05.29
01:18,乐安一中，中考必胜！,2024.05.30
01:17,中考必胜,2024.05.30
02:12,加油兄弟姐妹们,2024.05.30
00:23,不得不说你中文说的真好,2024.05.30
01:15,中考，高考加油,2024.05.30
00:55,请问鸡翅是人的什么部位,2024.05.30
01:19,谢谢扳叔,2024.05.30
00:14,中考加油！,2024.05.30
00:11,谢谢!,2024.05.30
02:13,中考必胜,2024.05.30
00:07,中考加油,2024.05.30
02:05,高考一本上岸,2024.05.30
02:26,育英中学我一定会考上的,2024.05.30
00:05,高考必胜！金榜题名！,2024.05.30
02:22,谢谢拔叔,2024.05.30
00:35,加油！,2024.05.30
01:26,电子科技大学上岸！,2024.05.30
00:10,谢谢拔叔,2024.05.30
01:19,高考上211！！！,2024.05.30
01:18,中考必胜,2024.05.30
00:58,铁力一中,2024.05.30
02:11,2024高考加油！,2024.05.30
01:14,高考加油，2024高考上五百！,2024.05.30
02:10,加油,2024.05.30
00:08,中考必胜,2024.05.30
00:13,中考加油,2024.05.30
00:19,高考加油,2024.05.30
00:14,汉泥拨,2024.05.30
00:23,谢谢拔叔！！！！接好运！,2024.05.30
00:37,谢谢！,2024.05.30
00:37,谢谢扳叔,2024.05.30
00:06,地生中考超常发挥,2024.05.30
01:17,还有七天高考了，希望有好的结局,2024.05.30
01:26,泰中也得试试,2024.05.30
00:23,到里面去（锅里）,2024.05.30
00:03,中考过关！,2024.05.30
00:46,来真的啊？？？？,2024.05.30
00:17,大家好我是王立彬,2024.05.30
00:04,接你吉言，中考胜利，成功上岸！,2024.05.30
00:00,做人の小曲儿,2024.05.30
01:06,黄石二中,2024.05.30
00:34,中考加油！,2024.05.30
01:08,211！,2024.05.30
00:22,加油,2024.05.30
01:59,高考加油！！！,2024.05.30
00:03,中考加油！,2024.05.30
00:07,高考必胜！,2024.05.30
01:48,我tm吃吃次吃吃吃次吃,2024.05.30
02:06,本科本科本科！！,2024.05.30
02:03,高考加油,2024.05.30
00:10,接,2024.05.30
02:30,谢谢，加油！,2024.05.30
02:01,高考加油,2024.05.30
02:29,谢谢拔叔! !,2024.05.30
01:58,拿下一本,2024.05.30
00:03,最感动的一集,2024.05.30
00:36,加油！上岸！,2024.05.30
01:31,太行中学等我,2024.05.30
02:13,加油,2024.05.30
01:20,涡阳四中,2024.05.30
00:35,愿拔叔见证我高考上岸，金榜题名！！！,2024.05.30
00:20,接,2024.05.30
01:06,接,2024.05.30
00:11,对不起，点进来就为了点个踩,2024.05.30
00:15,我听懂英语了？,2024.05.30
00:08,高考上岸！,2024.05.30
00:05,高考顺利,2024.05.30
00:27,谢谢扳叔，上岸上岸,2024.05.30
00:17,谢谢你拔叔,2024.05.30
00:19,接,2024.05.30
00:08,高考加油！,2024.05.30
00:12,高考加油！！！,2024.05.30
01:27,上c5了，肯定要难啊,2024.05.30
00:26,快到碗里来,2024.05.30
00:05,中考顺利,2024.05.30
02:21,谢谢扳叔,2024.05.30
00:52,高考加油！,2024.05.30
01:29,特效绷不住,2024.05.30
00:25,谢谢！,2024.05.30
01:59,借扳叔吉言,2024.05.30
00:16,借您吉言,2024.05.30
00:03,二十天后中考直接稳了！,2024.05.30
02:05,高考加油,2024.05.30
00:11,中考加油,2024.05.30
02:28,领取好运 感谢,2024.05.30
01:48,带着翅子的焦熬（）,2024.05.30
00:41,谢谢板叔,2024.05.30
00:43,接！,2024.05.30
00:06,谢谢扳叔！,2024.05.30
02:25,高考加油,2024.05.30
00:20,谢谢拔叔,2024.05.30
02:01,浙江大学,2024.05.30
01:40,这首歌很难的啊，扳叔还要坐着弹唱,2024.05.30
02:04,展翅高飞，必中,2024.05.30
01:10,谢拔叔,2024.05.30
02:13,唉,2024.05.30
02:26,谢谢拔叔,2024.05.30
02:28,2024高考必胜,2024.05.30
00:06,高考必胜,2024.05.30
00:06,接,2024.05.30
02:24,加油，中考必胜！考上重点！,2024.05.30
01:43,考上13中,2024.05.30
01:13,中考必胜！,2024.05.30
01:13,江苏海洋大学,2024.05.30
01:37,西工大附中！！！！,2024.05.30
00:05,感谢！,2024.05.30
01:15,一中！,2024.05.30
00:20,中考必胜！！！,2024.05.30
00:11,祝大家中、高考顺利,2024.05.30
02:30,谢谢拔叔,2024.05.30
01:46,谢谢把书,2024.05.30
01:36,深圳中学 深圳外国语学校 深圳实验学校 深圳高级中学,2024.05.30
02:07,中考加油！,2024.05.30
01:24,蚌埠住了,2024.05.30
01:11,深圳中学 深圳外国语学校 深圳实验学校 深圳高级中学,2024.05.30
00:18,接,2024.05.30
00:48,高考上岸,2024.05.30
02:07,兄弟们，生地会考必胜,2024.05.30
01:05,吃完这一顿上战场”,2024.05.30
01:55,拔叔用心了,2024.05.30
00:05,接,2024.05.30
00:14,谢谢！！！,2024.05.30
00:42,中考上岸！,2024.05.30
00:00,谢谢你,2024.05.30
00:40,加油加油,2024.05.30
00:12,中考必胜！！！！！！,2024.05.30
00:21,谢谢！,2024.05.30
00:10,高考加油,2024.05.30
00:02,借您吉言,2024.05.30
02:18,海宁一中，等我！,2024.05.30
00:15,拔叔最正义的一集,2024.05.30
00:21,地生中考加油,2024.05.30
00:15,因为失败者在盘子里,2024.05.30
00:12,高考顺利，谢谢扳叔,2024.05.30
01:09,2024高考拿下,2024.05.30
01:06,加油,2024.05.30
02:29,谢谢扳叔,2024.05.30
00:35,高考上岸！,2024.05.30
01:17,周南本部,2024.05.30
01:02,北大！！！680分，等我！,2024.05.30
00:23,谢谢扳叔,2024.05.30
01:10,中考上岸,2024.05.30
00:05,谢谢扳叔,2024.05.30
02:07,大家加油哦～一定会有好成绩的,2024.05.30
00:41,不是，你真会啊,2024.05.30
02:07,谢谢扳叔,2024.05.30
00:12,谢谢！,2024.05.30
02:21,七中等我,2024.05.30
00:53,中考加油！！！,2024.05.30
02:21,高考必胜！,2024.05.30
00:02,谢谢拔叔,2024.05.30
02:03,高考加油,2024.05.30
00:01,谢谢,2024.05.30
01:21,广州第一中学院士班！,2024.05.30
01:02,谢谢,2024.05.30
00:11,高考加油！,2024.05.30
00:07,接,2024.05.30
02:10,高考上岸,2024.05.30
02:03,谢谢拔叔,2024.05.30
01:05,真的好听,2024.05.30
00:35,谢谢。,2024.05.30
00:03,谢谢扳子，祝大家高考必胜！！,2024.05.30
00:25,谢谢拔叔,2024.05.30
00:08,高考加油，上岸,2024.05.30
00:17,祝我中考顺利,2024.05.30
00:28,中考必胜！,2024.05.30
00:16,中考加油,2024.05.30
00:15,高考加油,2024.05.30
00:07,高考上岸,2024.05.30
01:43,一中我来了,2024.05.30
01:01,谢谢！,2024.05.30
01:17,多谢扳叔,2024.05.30
00:01,接,2024.05.30
00:07,高考必胜！,2024.05.30
02:07,高考加油,2024.05.30
01:16,会考必赢,2024.05.30
00:04,谢谢扳叔,2024.05.30
02:26,成功上岸！,2024.05.30
00:34,中考加油,2024.05.30
01:23,统招A志愿！,2024.05.30
01:20,柳铁一中,2024.05.30
01:37,学军紫金港等我！,2024.05.30
02:08,中考加油！,2024.05.30
02:26,《记住“做”人最重要的是开心》,2024.05.30
00:26,头一次觉得巴蜀这么亲切，也是头一次觉得巴蜀不是真的要吃人(//∇//),2024.05.30
01:29,我去，一开始以为是原唱来的,2024.05.30
02:05,尽情燃烧（物理,2024.05.30
02:01,一起上岸,2024.05.30
02:26,《做人》,2024.05.30
00:10,住我高考加油,2024.05.30
01:38,加油,2024.05.30
02:04,谢谢拔叔,2024.05.30
00:05,半个月，从8万到60万,2024.05.30
02:18,高考必胜,2024.05.30
00:05,今年中考从化流溪中学上岸,2024.05.30
02:23,借您吉言,2024.05.30
00:03,高开必胜,2024.05.30
01:17,中考必胜！,2024.05.30
00:10,金榜题名！,2024.05.30
02:06,上岸,2024.05.30
02:10,合肥十中海航班，加油！,2024.05.30
02:22,谢谢！,2024.05.30
02:09,宿城一中我来了,2024.05.30
01:11,真的感动了！,2024.05.30
02:31,高考加油！,2024.05.30
01:55,谢谢扳叔！！！,2024.05.30
01:19,中考大捷！,2024.05.30
01:56,谢谢！！！,2024.05.30
01:09,初三中考生，加油,2024.05.30
00:22,谢谢拔叔！,2024.05.30
00:08,上岸,2024.05.30
02:24,借您吉言，高考上岸！,2024.05.30
00:16,学业有成，暴富暴美，心想事成，好运连连，身体健康,2024.05.30
00:00,中考加油！！！,2024.05.30
00:24,鸿门宴,2024.05.30
00:20,多谢,2024.05.30
01:54,接接接,2024.05.30
01:37,考上六中！！！,2024.05.30
00:09,祝我19天后中考顺利,2024.05.30
00:12,必胜,2024.05.30
02:08,2024高考不失误,2024.05.30
01:17,师大附中！！！,2024.05.30
00:21,中考必胜！,2024.05.30
00:12,中考加油！！！！！,2024.05.30
01:40,高考胜利,2024.05.30
00:11,期末前二十！,2024.05.30
00:26,锅里面是吧,2024.05.30
02:25,谢谢扳叔,2024.05.30
00:21,谢谢你,2024.05.30
01:37,大连理工大学！！！,2024.05.30
00:58,我要考武汉科技大学！,2024.05.30
00:34,谢谢,2024.05.30
01:21,西安交大,2024.05.30
00:08,中考顺利,2024.05.30
00:06,谢谢！,2024.05.30
02:08,中考加油和喜欢的她携手进入一个高中,2024.05.30
00:05,中考必胜！金榜题名！,2024.05.30
01:29,二本加油,2024.05.30
00:35,追梦赤子心,2024.05.30
00:07,接,2024.05.30
00:47,老登变声期,2024.05.30
01:21,麻省理工大学的笑死我了，人家是学院,2024.05.30
02:08,中考必胜,2024.05.30
02:03,中考必胜,2024.05.30
00:46,用音乐安抚食材情绪（）,2024.05.30
00:11,这里没有素食者！,2024.05.30
00:04,高考必胜 金榜题名,2024.05.30
00:21,中考加油,2024.05.30
02:27,谢谢拔叔,2024.05.30
02:30,谢谢扳叔,2024.05.30
02:27,接,2024.05.30
00:11,接,2024.05.30
00:34,GALA,2024.05.30
01:53,谢谢！,2024.05.30
01:01,我要上三高！,2024.05.30
01:20,中考加油！,2024.05.30
01:29,我一定会考上本科的！！！！！！,2024.05.30
00:24,到(锅)里面去,2024.05.30
01:01,看好了小子，硬币之力是这样用的！,2024.05.30
00:53,看好了小子，硬币之力是这样用的！,2024.05.30
00:20,加菜籽油，别加猪油 ,2024.05.30
00:39,考上双一流！,2024.05.30
02:07,高考上岸,2024.05.30
00:34,谢谢拔叔！金榜题名！,2024.05.30
01:53,加油,2024.05.30
01:55,接！谢谢！,2024.05.30
01:18,考上北理，哈工,2024.05.30
00:09,高考必胜,2024.05.30
00:19,谢谢,2024.05.30
02:32,考试加油！祝愿自己和大家一举金榜题名。中考加油！考上自己理想中的高中，加油！！！,2024.05.30
02:32,谢谢,2024.05.30
00:59,一中北校等我,2024.05.30
00:50,感谢拨叔,2024.05.30
00:22,接,2024.05.30
02:25,《敞开心扉地烤逝》,2024.05.30
02:08,中考上岸,2024.05.30
00:49,接,2024.05.30
01:23,金中等我,2024.05.30
00:11,感谢拔叔！中考必胜！,2024.05.30
01:04,一中重点班,2024.05.30
01:24,啊？嗨吸张口就来啊？？,2024.05.30
00:33,谢谢扳叔,2024.05.30
01:15,广州初二学子祝各位哥哥姐姐考试顺利！！！ ,2024.05.30
00:51,感谢jmg汉化组,2024.05.30
00:10,金榜题名,2024.05.30
00:18,不行，外语生说这下听不懂啊,2024.05.30
00:38,借您吉言,2024.05.30
00:15,好！！！,2024.05.30
01:18,天津外国语日语系,2024.05.30
00:06,接,2024.05.30
01:27,考上二高,2024.05.30
02:23,接,2024.05.30
00:40,祝愿自己中考金榜题名，加油！！！,2024.05.30
00:19,中考加油！！！,2024.05.30
02:17,谢谢扳叔,2024.05.30
02:31,谢谢扳叔！,2024.05.30
02:31,做人,2024.05.30
01:12,中考上岸！！！,2024.05.30
01:16,市二中,2024.05.30
00:08,高考加油,2024.05.30
00:33,吓死老子了,2024.05.30
01:17,中考加油,2024.05.30
00:05,高考必胜！！！,2024.05.30
01:18,610！！！！,2024.05.30
00:51,指点姜膻（确信,2024.05.30
02:32,谢谢扳叔,2024.05.30
01:18,520以上！！！！,2024.05.30
01:11,中考加油！！！,2024.05.30
02:26,金榜题名,2024.05.30
00:02,中考必胜！,2024.05.30
02:24,谢谢,2024.05.30
02:22,中考上岸,2024.05.30
01:18,高考加油！,2024.05.30
02:13,2024高考加油！,2024.05.30
01:25,一中等我！,2024.05.30
01:17,考上许昌高中！,2024.05.30
00:13,中考加油！,2024.05.30
01:29,考上四川轻化工自动化专业！,2024.05.30
00:01,感谢汉尼扳这个币，必须投,2024.05.30
02:31,考上上海大学,2024.05.30
01:03,好听啊我去,2024.05.30
01:57,大连市第二十四中学,2024.05.30
00:01,感谢汉尼板，这个币必须投,2024.05.30
00:05,借你吉言,2024.05.30
01:54,我肯定能考上上海大学,2024.05.30
00:04,借您吉言,2024.05.30
00:10,金榜题名,2024.05.30
00:09,中考上岸,2024.05.30
00:35,谢谢扳叔,2024.05.30
00:13,生物稳了,2024.05.30
00:22,谢谢拔叔,2024.05.30
00:12,中考加油！,2024.05.30
00:21,把中高考的小伙伴做成晚宴,2024.05.30
00:18,中考加油！！！！！！,2024.05.30
00:19,多谢，扳叔,2024.05.30
01:49,本科上岸,2024.05.30
00:09,加油啊啊啊啊,2024.05.30
01:00,中考顺利！,2024.05.30
00:58,西北工业大学！,2024.05.30
01:09,一本法学,2024.05.30
00:22,好运连连，直接上一中,2024.05.30
01:21,罗马美术学院！,2024.05.30
00:09,中考上岸！,2024.05.30
00:24,高考加油，必胜,2024.05.30
00:40,加油,2024.05.30
00:40,谢谢,2024.05.30
00:26,谢谢！,2024.05.30
00:10,高考加油,2024.05.30
01:30,开化中学,2024.05.30
01:21,南京警察学院,2024.05.30
00:04,在吃饭，来看拔哥了。,2024.05.30
00:02,中考加油！！！,2024.05.30
01:19,祝我考上唐山二中,2024.05.30
01:18,长江高中！,2024.05.30
01:10,考上八中,2024.05.30
00:07,中考加油,2024.05.30
00:12,金榜题名,2024.05.30
01:20,拿下二中！,2024.05.30
00:09,谢扳叔为即将中考的我送上祝福,2024.05.30
01:16,谢谢扳叔!!!,2024.05.30
01:32,可爱捏,2024.05.30
00:06,谢谢祝福，中考加油，中考顺利，中考发挥超常,2024.05.30
02:18,借你吉言，祝我高考上岸,2024.05.30
01:54,大家高考必胜,2024.05.30
00:30,刺伤我的硬币。,2024.05.30
01:17,中考必胜！理科全满分文科全都对,2024.05.30
00:07,借你吉言,2024.05.30
00:33,高考必胜,2024.05.30
01:15,一中腾云班！,2024.05.30
00:12,考试前不要吃什么奇怪的东西啊喂！,2024.05.30
00:22,22天中考,2024.05.30
01:56,一本,2024.05.30
01:29,勾史特效,2024.05.30
01:20,加油烤好！,2024.05.30
00:24,地生中考拿下100分,2024.05.30
00:04,谢谢拔哥祝福祝各位顺利,2024.05.30
02:06,高考加油,2024.05.30
00:02,谢谢拔哥,2024.05.30
00:28,吓死我了,2024.05.30
00:20,期末顺利！,2024.05.30
01:19,生地会考满分,2024.05.30
00:24,高考上岸！,2024.05.30
00:23,拔叔人还怪好,2024.05.30
00:04,中考必胜，金榜题名！,2024.05.30
02:16,地理生物稳了,2024.05.30
00:19,会考必胜,2024.05.30
01:35,小小的失败,2024.05.30
02:32,谢谢叔！,2024.05.30
00:48,相信这次一定可以成功,2024.05.30
01:18,空军航空大学！,2024.05.30
00:27,谢谢拔叔,2024.05.30
02:23,中考加油！,2024.05.30
00:17,高考加油，希望610+，出必还愿！,2024.05.30
02:10,中考加油！,2024.05.30
00:50,不是你真会啊拔叔,2024.05.30
00:29,祝中考必胜，考上一中，去找好朋友,2024.05.30
01:29,潮阳一中等我,2024.05.30
00:40,一中！,2024.05.30
00:06,祝中考顺利,2024.05.30
01:15,中考加油,2024.05.30
00:11,中考加油！！！,2024.05.30
01:35,谢谢扳叔，中考加油,2024.05.30
00:12,考上一中,2024.05.30
00:17,学宴,2024.05.30
00:35,接,2024.05.30
00:02,加油！,2024.05.30
02:13,深圳高级中学等我！！！,2024.05.30
00:17,中考顺利！,2024.05.30
01:31,此处表达了学子们想尽各种办法迫近目标！,2024.05.30
00:36,谢谢扳叔,2024.05.30
00:08,中考必胜！,2024.05.30
00:16,地生中考双满,2024.05.30
00:14,中考必胜,2024.05.30
02:11,中考必胜,2024.05.30
01:06,高考加油！！！！,2024.05.30
01:48,此处表达了极度疲惫的学子对梦想的不懈坚持！,2024.05.30
00:54,姜师傅的神级cos,2024.05.30
02:04,中考上岸,2024.05.30
01:08,地生一定要满分啊啊啊啊！！！,2024.05.30
00:21,准备了牢湿,2024.05.30
00:17,祝高考超常发挥！,2024.05.30
02:07,中考加油,2024.05.30
00:00,梦泪（幻视,2024.05.30
00:37,追梦赤子心,2024.05.30
00:16,祝我中考顺利，加油！,2024.05.30
00:17,谢谢,2024.05.30
00:08,接接接,2024.05.30
00:10,中考上岸！,2024.05.30
00:10,中考加油！,2024.05.30
01:23,新城中学！,2024.05.30
01:18,温医大！,2024.05.30
02:08,高考加油,2024.05.30
00:09,中考加油,2024.05.30
00:23,谢谢,2024.05.30
00:07,祝我高考胜利，表妹中考顺利,2024.05.30
01:00,谢谢拔叔,2024.05.30
00:26,你说的是厨房里面，不是盘子里面吧？,2024.05.30
00:19,谢谢，接，高考540,2024.05.30
00:00,中考上岸！！！！！！！谢谢拔叔！！！！！,2024.05.30
01:04,接,2024.05.30
00:06,祝我考上理想的高中，祝中考学子考上期望的学校,2024.05.30
02:21,谢谢！！,2024.05.30
00:08,祝我考试顺利通过,2024.05.30
02:06,中考加油,2024.05.30
00:29,接!,2024.05.30
00:14,高考金榜题名,2024.05.30
02:05,谢谢你，祝我在两年后的高考必胜,2024.05.30
00:54,天河执信！,2024.05.30
00:54,740以上！,2024.05.30
02:09,中考上岸,2024.05.30
00:50,呼和浩特市第二十九中学等我,2024.05.30
02:30,谢谢扳叔！！,2024.05.30
01:15,嘉祥一中！！,2024.05.30
01:19,成都双流中学,2024.05.30
00:34,接,2024.05.30
00:40,中考成功！,2024.05.30
01:09,中考顺利！,2024.05.30
01:25,考上好的初中！加油！！！,2024.05.30
00:03,一高中等着我，谢谢拔叔,2024.05.30
00:11,高考上岸！,2024.05.30
00:30,加油！,2024.05.30
00:13,加油，中考加油,2024.05.30
01:26,中考上岸！！/,2024.05.30
00:04,中考必胜,2024.05.30
01:23,中考加油，必胜！,2024.05.30
00:33,加油,2024.05.30
01:14,中考必胜！,2024.05.30
01:58,加油,2024.05.30
02:22,放轻松，头晕是正常的,2024.05.30
00:12,生地中考必胜！！,2024.05.30
00:04,谢谢！！,2024.05.30
00:08,祝我高考顺利，加油,2024.05.30
00:36,接,2024.05.30
00:46,感谢扳叔,2024.05.30
01:15,福州一中,2024.05.30
02:07,温州中学等我！！！,2024.05.30
01:00,中考加油,2024.05.30
00:30,接好运,2024.05.30
00:20,中考加油,2024.05.30
01:03,考到理想分数！,2024.05.30
02:15,附中，我来啦,2024.05.30
00:04,高考稳了,2024.05.30
00:41,中考加油！！！,2024.05.30
00:05,中考上岸,2024.05.30
00:07,谢谢扳叔,2024.05.30
01:38,比5月天好,2024.05.30
01:03,没少练,2024.05.30
00:20,《最后的晚餐》,2024.05.30
01:01,扳叔在唱歌调整食材心情,2024.05.30
02:10,中考上岸！,2024.05.30
00:08,生地会考成绩满分,2024.05.30
00:05,金榜题名，我必成功,2024.05.30
01:17,中考必胜,2024.05.30
00:38,一定要考上上戏,2024.05.30
02:12,2024中考胜利,2024.05.30
02:29,高考上案,2024.05.30
00:13,这里没有落榜者,2024.05.30
01:40,谢谢板叔，剩18天中考，考入枫华高中！三连要努力了！,2024.05.30
00:04,生地稳了,2024.05.30
00:14,祝我考上一中,2024.05.30
00:15,中考加油,2024.05.30
02:30,谢谢拔叔！！！,2024.05.30
00:36,烤好考坏，皆是人生,2024.05.30
02:07,借你吉言,2024.05.30
02:27,开心（物理）,2024.05.30
01:18,开封高中！！！,2024.05.30
01:03,接！,2024.05.30
01:18,中考顺利,2024.05.30
01:17,我一定能进十中,2024.05.30
01:08,谢谢扳叔,2024.05.30
00:37,谢谢,2024.05.30
02:32,谢谢,2024.05.30
01:01,祝我中考绝地翻盘,2024.05.30
00:02,地生中考满分！,2024.05.30
00:22,加油,2024.05.30
01:53,吉安一中,2024.05.30
00:47,谢谢拔叔！！！中考胜利！！！感谢！！！,2024.05.30
00:46,接,2024.05.30
00:08,高考加油，中考必胜，金榜题名！,2024.05.30
00:00,接,2024.05.30
00:14,金榜题名！,2024.05.30
00:04,中考加油,2024.05.30
01:54,中高考加油！,2024.05.30
00:07,谢谢拔叔,2024.05.30
01:58,中考上岸，金榜题名,2024.05.30
00:37,金榜题名！,2024.05.30
00:15,中考必胜！,2024.05.30
00:06,接！,2024.05.30
00:07,60万远不是他的极限，他是真的有实力,2024.05.30
00:24,中考必胜,2024.05.30
02:03,借您吉言,2024.05.30
00:49,中考加油,2024.05.30
00:10,..,2024.05.30
00:43,地生中考加油,2024.05.30
00:20,高考加油,2024.05.30
00:27,中考顺利,2024.05.30
01:07,为什么这里这么卡,2024.05.30
02:20,中考全市前20,2024.05.30
00:14,中考必胜！,2024.05.30
01:17,会考必胜！,2024.05.30
00:17,地生中考加油,2024.05.30
00:07,谢你吉言,2024.05.30
00:24,中考加油！,2024.05.30
01:18,桓台一中,2024.05.30
00:18,中考顺利！,2024.05.30
00:14,高考必胜！,2024.05.30
00:47,我qiao！两个币！,2024.05.30
01:59,接,2024.05.30
00:00,高考加油，中考必胜，金榜题名！,2024.05.30
01:54,感觉很不错哎，我下次自备葱姜料，,2024.05.30
02:05,中考加油,2024.05.30
00:34,考上菏泽一中！,2024.05.30
00:20,接！,2024.05.30
00:23,谢谢拔叔,2024.05.30
00:02,不是，我几天没看60万了！？？！,2024.05.30
00:53,中考上岸,2024.05.30
02:08,行知等我！,2024.05.30
00:11,中考必胜,2024.05.30
00:21,跟我说：谢谢扳叔,2024.05.30
00:12,高考上岸,2024.05.30
01:29,赣中等我,2024.05.30
01:01,三校！,2024.05.30
02:30,收到,2024.05.30
00:15,高考加油，中考必胜，金榜题名！,2024.05.30
00:01,中考上岸,2024.05.30
00:07,这里没有素食主义者,2024.05.30
00:09,中考加油！,2024.05.30
00:40,江中等我,2024.05.30
00:01,谢谢！,2024.05.30
00:04,谢谢扳叔!,2024.05.30
00:12,期末考稳了！！！,2024.05.30
01:25,天水一中！！！,2024.05.30
01:16,一外摄乐！！！,2024.05.30
02:12,中考上岸,2024.05.30
01:58,中考加油,2024.05.30
00:05,中考加油呀,2024.05.30
02:06,借拔叔吉言,2024.05.30
00:06,谢谢扳叔,2024.05.30
01:46,没上去,2024.05.30
00:14,谢谢扳叔,2024.05.30
00:25,加油！,2024.05.30
00:44,借你吉言中考上岸！,2024.05.30
00:34,谢谢,2024.05.30
00:21,鸿门宴,2024.05.30
00:34,断头饭,2024.05.30
01:17,中考加油！,2024.05.30
00:38,不是，叔，你还会这个？,2024.05.30
01:25,西安交通大学苏州附属初级中学,2024.05.30
02:03,中考加油,2024.05.30
00:09,中考必胜！,2024.05.30
01:53,谢谢！,2024.05.30
01:02,谢谢拔叔,2024.05.30
00:27,接,2024.05.30
00:18,全部都稳啦,2024.05.30
02:30,谢谢！,2024.05.30
00:46,太帅了哥们,2024.05.30
00:00,考不好会被教做人,2024.05.30
00:04,我饿,2024.05.30
00:17,祝在座的各位都考出理想的成绩。,2024.05.30
00:19,接,2024.05.30
02:03,眉山一中等我！！！,2024.05.30
00:40,优      雅,2024.05.30
02:25,高考加油啊！！！,2024.05.30
00:08,接！！！,2024.05.30
01:00,中考顺利！,2024.05.30
00:09,19天，长沙中考！加油！,2024.05.30
00:05,19天，长沙中考,2024.05.30
00:13,金榜题名，中考必胜！,2024.05.30
00:30,接,2024.05.30
01:16,桂中加油,2024.05.30
01:22,贵港市高级中学！,2024.05.30
00:04,中考必胜,2024.05.30
02:12,金榜题名，蟾宫折桂！,2024.05.30
02:27,感谢拔叔的祝福，收下了！,2024.05.30
01:59,为每一个考试的人加油,2024.05.30
00:07,高考加油，中考必胜，金榜题名！,2024.05.30
01:17,桂林中学！,2024.05.30
00:11,中考加油,2024.05.30
00:03,承吉言,2024.05.30
00:29,谢谢！,2024.05.30
00:35,谢谢,2024.05.30
00:22,中考加油，江中等我。,2024.05.30
01:10,加油,2024.05.30
01:51,高考加油！,2024.05.30
01:05,柏庐,2024.05.30
01:21,考上二中尖子班！！！！！！,2024.05.30
00:26,我不去！,2024.05.30
02:21,紧绷神经的肉质不好,2024.05.30
01:23,中考必胜！！,2024.05.30
00:40,感谢拔叔,2024.05.30
01:14,上财,2024.05.30
00:13,中考加油！！！,2024.05.30
00:19,高考胜利！,2024.05.30
00:17,谢谢拔叔,2024.05.30
00:36,中考必胜！！！,2024.05.30
00:20,在现场，我是食材,2024.05.30
00:19,谢谢拔叔,2024.05.30
00:04,祝我中考成功历程一中！,2024.05.30
01:06,一中,2024.05.30
00:07,祝我中考胜利,2024.05.30
00:01,最正能量的一集,2024.05.30
02:09,高考加油！,2024.05.30
00:23,15天中考,2024.05.30
01:45,借你吉言,2024.05.30
01:15,要求不高，考上高中就行了,2024.05.30
01:18,西附！,2024.05.30
00:02,撇s呢？,2024.05.30
00:48,不是，你来真的？,2024.05.30
02:03,谢谢拔叔！,2024.05.30
02:02,中考加油,2024.05.30
00:11,接,2024.05.30
01:53,太有魅力了。,2024.05.30
01:53,考上电子科技大学,2024.05.30
01:18,中考加油 九中普通班,2024.05.30
02:01,邹城二中等我！,2024.05.30
00:10,地生中考加油！！！！,2024.05.30
00:27,吃完了就不用中考了,2024.05.30
00:05,接,2024.05.30
01:13,考上丰县一中！,2024.05.30
01:49,中考上岸,2024.05.30
00:16,感谢JM汉化组,2024.05.30
02:05,高考加油,2024.05.30
00:06,祝我中考胜利！,2024.05.30
00:26,中考加油，谢谢板叔,2024.05.30
02:06,加油,2024.05.30
00:40,充满鲜花的世界到底在哪里？,2024.05.30
00:14,学业有成，暴富暴美，心想事成，好运连连，身体健康,2024.05.30
00:46,中考上岸,2024.05.30
00:16,接接接接接接,2024.05.30
01:33,义乌中学,2024.05.30
00:08,中考加油！！！,2024.05.30
00:04,中考顺利,2024.05.30
02:27,扳叔我爱你,2024.05.30
01:26,高考上岸,2024.05.30
00:10,850人在观看。。。。,2024.05.30
00:18,接,2024.05.30
01:22,考上一本,2024.05.30
01:19,地生会考必胜！,2024.05.30
01:15,温溪高中！,2024.05.30
00:00,接,2024.05.30
00:13,吃人的羔考,2024.05.30
00:57,拔：今天就不用人肉了,2024.05.30
02:10,中考加油！,2024.05.30
01:57,谢谢了，叔，中考上岸。,2024.05.30
00:05,祝我中考生地满分,2024.05.30
01:18,中考必胜！,2024.05.30
00:17,接,2024.05.30
00:19,中考胜利，不挂科，上高中,2024.05.30
00:09,中考加油,2024.05.30
00:22,金榜题名,2024.05.30
00:03,祝我地生中考顺利，加油！,2024.05.30
01:18,中考加油，必胜！,2024.05.30
00:21,不是，考完就吃恩师啊,2024.05.30
01:43,求BGM,2024.05.30
00:19,希望鄙人生地学考理想!,2024.05.30
02:12,谢谢拔叔,2024.05.30
02:10,地理生物稳了,2024.05.30
00:39,初三一班,2024.05.30
00:21,接,2024.05.30
00:14,拔叔保鄙人生地学考理想!,2024.05.30
00:15,高考加油，中考必胜，金榜题名！,2024.05.30
00:40,谢谢,2024.05.30
00:01,生物，地理中考考得十分好,2024.05.30
01:36,成都理工大学等你们,2024.05.30
00:16,中考加油！！,2024.05.30
00:23,柚子厨小心当甜点,2024.05.30
00:01,考得好，上桌，考的不好，上桌,2024.05.30
01:10,谢谢扳叔，高考顺利,2024.05.30
00:03,做人の小曲,2024.05.30
01:19,华小学,2024.05.30
00:08,接,2024.05.30
01:59,谢谢，借你吉言,2024.05.30
01:18,考个211！,2024.05.30
02:21,加油！,2024.05.30
02:20,谢谢,2024.05.30
01:49,谢谢拔叔,2024.05.30
01:25,祝我本次期末考试总成绩进全校前一百名,2024.05.30
00:00,生物地理会考稳了,2024.05.30
01:15,山东科技大学！！,2024.05.30
01:19,考上十一中！,2024.05.30
00:06,金榜题名,2024.05.30
00:56,加油！,2024.05.30
00:19,祝我本次期末考试总成绩进全校前一百名,2024.05.30
02:12,谢谢扳叔,2024.05.30
00:18,中考必胜！！！,2024.05.30
00:38,谢谢谢谢,2024.05.30
00:23,成功上岸！！,2024.05.30
00:21,接接接！,2024.05.30
01:11,祝我考上三中,2024.05.30
00:41,谢谢,2024.05.30
02:07,中考加油！,2024.05.30
00:30,最励志的一集,2024.05.30
02:06,谢谢拔叔！,2024.05.30
00:03,谢谢,2024.05.30
01:31,看的出来拔叔剪这一段的时候很尴尬,2024.05.30
01:16,徐水一中！！！,2024.05.30
00:38,谢谢拔叔,2024.05.30
01:22,金榜题名！！！,2024.05.30
01:11,原词确实是手比脚笨,2024.05.30
00:51,不是你真会啊哥们？,2024.05.30
00:06,感谢拨叔，但我不爱吃油腻的。,2024.05.30
02:18,有压力肉就老了不好吃了（）,2024.05.30
01:07,中考加油,2024.05.30
01:14,苍山一中！！！,2024.05.30
02:19,谢谢板叔,2024.05.30
00:06,中考6.18必胜！！！,2024.05.30
02:06,2024中考加油,2024.05.30
00:04,中考6.18必胜！！！,2024.05.30
00:55,说那么多是那兔的主题曲之一,2024.05.30
01:52,考上一中,2024.05.30
00:21,接,2024.05.30
02:24,高考加油！,2024.05.30
00:24,谢谢,2024.05.30
00:28,卸尸宴？,2024.05.30
02:12,高考必胜，赢在高考！,2024.05.30
00:23,谢谢拔叔,2024.05.30
01:22,必全力以赴！谢谢！,2024.05.30
02:07,中考上岸,2024.05.30
00:38,谢谢板叔,2024.05.30
00:48,中考必胜，考上二高实验班,2024.05.30
00:04,中考稳了,2024.05.30
00:33,感谢拔叔，希望我高考560+,2024.05.30
01:10,一中！,2024.05.30
00:07,高考加油，中考必胜，金榜题名！,2024.05.30
00:23,接,2024.05.30
01:17,一中！,2024.05.30
02:25,谢谢,2024.05.30
00:49,二中等我,2024.05.30
02:20,高考加油,2024.05.30
00:05,地生会考顺利,2024.05.30
01:22,榆林一中，我一定可以的,2024.05.30
00:33,谢谢拔叔,2024.05.30
00:07,中考上岸，考上一中,2024.05.30
02:01,中考上岸,2024.05.30
00:03,接接接,2024.05.30
01:05,上岸,2024.05.30
01:35,生地双满,2024.05.30
01:08,兄弟们马上地生会考了,2024.05.30
01:05,考出理想的成绩,2024.05.30
00:01,高考加油,2024.05.30
00:05,接,2024.05.30
01:19,谢谢拔叔！,2024.05.30
00:18,会考考到95分以上。,2024.05.30
00:27,谢谢谢谢,2024.05.30
01:07,注意，拔叔这会做的是鸡翅,2024.05.30
00:09,高考加油，中考必胜，金榜题名！,2024.05.30
00:49,救命这句好像必刷题背封上那句话 ptsd了,2024.05.30
00:14,《桌上的也没有》,2024.05.30
00:02,《异地登录》,2024.05.30
02:16,中考加油,2024.05.30
01:25,符合原著,2024.05.30
00:09,中考加油,2024.05.30
00:06,祝我24年高考顺利上岸！！！,2024.05.30
02:25,谢谢扳叔！,2024.05.30
02:03,大家加油,2024.05.30
00:37,我要是中考落榜，是不是会变成食材？,2024.05.30
00:07,祝我中考必胜,2024.05.30
02:07,2024高考加油！,2024.05.30
01:44,加油！！！！,2024.05.30
02:27,谢谢借您吉言,2024.05.30
01:03,看得出来是个很精致的人,2024.05.30
01:55,一举高中,2024.05.30
00:27,加油,2024.05.30
01:49,加油,2024.05.30
00:03,愿我小升初顺利,2024.05.30
01:08,我要上高中！！,2024.05.30
02:00,接住了！谢谢拔叔！,2024.05.30
00:05,中考加油,2024.05.30
01:21,中考加油！,2024.05.30
00:10,中考上岸,2024.05.30
00:01,高烤,2024.05.30
00:22,接,2024.05.30
00:26,加 油,2024.05.30
00:17,中考加油,2024.05.30
00:12,中考上岸,2024.05.30
00:08,李荣浩,2024.05.30
01:11,九中！！！,2024.05.30
02:15,谢谢吉拔,2024.05.30
00:06,谢谢拔叔！,2024.05.30
00:35,中考上岸！,2024.05.30
01:49,接,2024.05.30
00:07,高考加油，中考必胜，金榜题名！,2024.05.30
01:50,中考加油！,2024.05.30
01:03,94！！！！,2024.05.30
00:15,你居然说中国人，我一直以为是老外,2024.05.30
00:08,考上了回来报喜,2024.05.30
00:22,拿烤生提供营养,2024.05.30
00:08,高考加油,2024.05.30
00:31,中考加油,2024.05.30
00:18,说中文有点不正宗,2024.05.30
01:54,粽子里面用的什么肉,2024.05.30
01:15,中考必胜！,2024.05.30
00:10,中考加油,2024.05.30
00:16,中烤和高烤,2024.05.30
00:11,中考顺利，中考加油！谢谢拔叔！！！,2024.05.30
02:05,纵情燃烧（物理,2024.05.30
00:10,希望我会考能好,2024.05.30
00:42,感谢板叔,2024.05.30
02:30,加油！,2024.05.30
00:28,这下明白班,2024.05.30
00:52,中考加油！,2024.05.30
01:22,中考必胜！,2024.05.30
01:18,中考必胜！,2024.05.30
02:23,板叔太帅了！！！,2024.05.30
01:41,接拔叔吉言，高考金榜题名！,2024.05.30
02:01,高考顺利，金榜题名,2024.05.30
01:18,考上好的初中！加油！！！,2024.05.30
01:32,谢谢扳叔,2024.05.30
01:02,考上黄中，谢谢up!,2024.05.30
00:26,2024中考考上龙华中学啊啊啊啊谢谢扳叔,2024.05.30
00:04,各位中考加油,2024.05.30
02:06,接,2024.05.30
00:30,谢谢板叔,2024.05.30
02:10,谢谢拔叔！,2024.05.30
00:26,谢谢拔叔,2024.05.30
01:14,即墨一中！,2024.05.30
01:14,福州一中,2024.05.30
00:21,接住 接住 ,2024.05.30
00:45,？,2024.05.30
00:15,woc 很快啊 啪的一下就听懂了,2024.05.30
02:05,中考加油祝我也祝你们,2024.05.30
00:05,这也不像啊,2024.05.30
00:35,最正能量的一集,2024.05.30
00:17,中考加油,2024.05.30
01:44,吃啥补啥 今晚多吃点嗓子,2024.05.30
00:16,考上理想高中,2024.05.30
02:07,高考必胜！,2024.05.30
00:07,中考加油,2024.05.30
00:18,中考顺利,2024.05.30
00:22,烤生,2024.05.30
00:39,这次不做人了,2024.05.30
01:08,中考上岸,2024.05.30
02:30,活着最重要的就是开心！我们一起加油！,2024.05.30
00:17,原来扳叔精通各种语言,2024.05.30
01:18,37中,2024.05.30
00:14,接,2024.05.30
00:14,中考加油,2024.05.30
00:17,加油！！！,2024.05.30
02:23,谢谢,2024.05.30
02:00,中考上岸,2024.05.30
01:59,地生会考加油！,2024.05.30
00:46,你干嘛！！,2024.05.30
00:21,祝我中考上岸,2024.05.30
00:11,祝我20多天后的中考取得理想成绩，顺水推舟,2024.05.30
01:10,谢谢加油加油加油,2024.05.30
01:18,中考加油,2024.05.30
01:56,徐州三中等我！!!!!(快顶我求求了）,2024.05.30
02:18,谢谢拔叔！,2024.05.30
01:06,一中必考！,2024.05.30
00:06,接,2024.05.30
02:27,还有火候,2024.05.30
00:24,学子宴,2024.05.30
01:06,谢谢拔叔,2024.05.30
02:04,高考加油!,2024.05.30
00:34,追梦赤子心！！！,2024.05.30
00:09,中考考上理想的高中！,2024.05.30
01:36,会考必胜,2024.05.30
00:11,31天，中考必胜,2024.05.30
01:06,必上岸！！,2024.05.30
00:09,中考加油,2024.05.30
01:26,华东政法！,2024.05.30
00:23,加油,2024.05.30
01:58,借你吉言,2024.05.30
01:02,金榜题名！！！,2024.05.30
00:06,接,2024.05.30
02:16,2024中考加油！,2024.05.30
00:15,生地会考稳过！,2024.05.30
00:13,高考加油,2024.05.30
00:24,高考五百三！,2024.05.30
00:19,接,2024.05.30
00:18,中考必胜！,2024.05.30
02:28,火候（指正）,2024.05.30
02:18,不要有压力因为有压力会让肉质口感变差（）,2024.05.30
00:07,接,2024.05.30
00:26,谢谢拔叔！,2024.05.30
00:06,没考上挨刀,2024.05.30
01:27,欢迎同学们来江苏科技大学计算机系,2024.05.30
00:47,不是哥们,2024.05.30
00:39,谢谢,2024.05.30
00:48,希望姐姐取得好成绩,2024.05.30
00:12,jun考上岸,2024.05.30
00:23,碗里请,2024.05.30
00:31,中考加油！火箭a，4000公路车！还有会进火箭a的那个她！,2024.05.30
00:34,我已经指标到校走了，不用中考,2024.05.30
00:50,这是人中翅,2024.05.30
01:51,谢谢拔叔！,2024.05.30
00:34,快说谢谢拔叔！！,2024.05.30
00:06,祝各位学弟学妹金榜题名！！！,2024.05.30
00:30,《中烤 高烤》《烤生》,2024.05.30
00:34,接接接,2024.05.30
00:18,接接接,2024.05.30
01:17,南师附中,2024.05.30
00:35,摄影师：我……我活下来了！！？,2024.05.30
00:23,扳叔：希望大家都能努力成为高等食材,2024.05.30
01:59,加油,2024.05.30
01:36,感谢板叔,2024.05.30
00:17,金榜题名！,2024.05.30
01:17,郑大！,2024.05.30
01:48,笑场的已经在盘里了,2024.05.30
00:05,高考加油,2024.05.30
01:05,考上二中！！！,2024.05.30
00:04,中考加油 ,2024.05.30
00:08,生物稳了,2024.05.30
02:28,谢谢,2024.05.30
01:26,上岸！,2024.05.30
01:29,铁一！,2024.05.30
00:36, 追梦赤子心,2024.05.30
00:16,中考加油,2024.05.30
00:18,加油，世界是你们的,2024.05.30
00:05,金榜题名！借你吉言！,2024.05.30
02:04,谢谢拔叔,2024.05.30
00:03,高考加油,2024.05.30
01:00,班歌,2024.05.30
00:11,中考加油,2024.05.30
00:14,高考必胜,2024.05.30
00:10,乔奢费是你嘛,2024.05.30
00:34,谢谢扳叔,2024.05.30
00:25,《烤生》,2024.05.30
01:06,谢谢扳叔，中考顺利，金榜题名！,2024.05.30
00:43,谢谢,2024.05.30
00:03,中考加油！！！！考上好高中！,2024.05.30
00:36,谢谢拔叔！,2024.05.30
00:03,谢谢,2024.05.30
00:04,语数稳！乾为天！,2024.05.30
01:28,谢谢你，我一定成功,2024.05.30
02:27,谢谢,2024.05.30
01:07,谢谢扳树！！,2024.05.30
00:00,小学月考语文年级第一九十八,2024.05.30
00:02,小学月考年级语文第1,2024.05.30
00:09,祝各位金榜题名 ,2024.05.30
00:12,中考加油,2024.05.30
00:01,谢谢板叔,2024.05.30
00:24,鸿门宴,2024.05.30
00:04,考前吃点好的,2024.05.30
00:03,谢谢！中考必胜！上龙创,2024.05.30
00:05,两脚羊,2024.05.30
00:27,中考加油，谢谢板叔,2024.05.30
02:14,高考上本,2024.05.30
01:16,茂名一中！,2024.05.30
00:36,谢谢扳叔！！！,2024.05.30
00:05,高考必胜！,2024.05.30
00:10,给烤生加食用油(),2024.05.30
01:02,二中,2024.05.30
00:06,梦泪,2024.05.30
00:13,兄弟萌，祝我中考胜利！,2024.05.30
00:51,感谢工口汉化组,2024.05.30
01:43,谢谢拔叔,2024.05.30
00:10,高考加油！,2024.05.30
00:03,吴三桂（幻听）,2024.05.30
01:13,上岸，进锅，考生们选一个吧,2024.05.30
00:02,ok,2024.05.30
00:08,加油！,2024.05.30
01:45,厉害,2024.05.30
00:04,·,2024.05.30
00:55,高粽,2024.05.30
00:11,替我同学祝他英语0分,2024.05.30
01:21,邯郸一中,2024.05.31
00:26,全肉宴,2024.05.31
00:41,祝我wyl地生中考顺风顺水，也祝大家中，高考成功上岸,2024.05.31
01:17,高考加油！,2024.05.31
01:01,这一次，主角是你们！！！,2024.05.31
00:51,还有10天！！！高考加油！！！,2024.05.31
00:48,好好学习，天天向上,2024.05.31
00:42,高考上岸,2024.05.31
02:07,高考加油，我必要上岸,2024.05.31
01:49,谢谢扳叔,2024.05.31
02:02,谢谢扳叔，许愿中考上岸,2024.05.31
02:07,扳叔，祝我中考上岸！！,2024.05.31
02:05,都好好烤，扳叔等着吃呢,2024.05.31
01:06,福州大学FZU！！！,2024.05.31
01:00,南方医科大学！,2024.05.31
02:11,接,2024.05.31
01:09,西工大强基冲刺冲,2024.05.31
01:06,中考大吉,2024.05.31
00:07,高考上岸谢谢！,2024.05.31
01:19,中考加油呀同志们,2024.05.31
00:26,谢谢拔叔,2024.05.31
00:25,接！,2024.05.31
01:17,大邑中学,2024.05.31
00:58,陕西省榆林中学,2024.05.31
00:28,中考加油！,2024.05.31
00:25,借您吉言！！！谢谢！！,2024.05.31
01:13,中考加油,2024.05.31
02:26,做人最重要是火候,2024.05.31
00:20,接,2024.05.31
00:08,接中考顺利中考上岸中考大捷,2024.05.31
02:32,谢谢扳叔,2024.05.31
00:22,冲冲冲！,2024.05.31
01:09,深中！,2024.05.31
01:01,560，冲,2024.05.31
01:29,仓中在等我,2024.05.31
00:39,上岸！,2024.05.31
02:24,谢谢叔，做作业去了。高考加油,2024.05.31
00:08,接,2024.05.31
01:34,2024高考上一本！,2024.05.31
01:32,高考上一本！,2024.05.31
01:27,一本线！,2024.05.31
00:42,超常发挥！,2024.05.31
01:13,南宁二中,2024.05.31
00:22,谢谢！,2024.05.31
02:08,高考本科上岸！,2024.05.31
00:53,清华,2024.05.31
00:12,中考加油！,2024.05.31
00:05,谢谢扳叔,2024.05.31
00:44,开口跪,2024.05.31
00:19,感谢拔叔，祝我逢考必过,2024.05.31
01:17,佛山二中！,2024.05.31
00:06,吴三桂,2024.05.31
00:02,接,2024.05.31
00:09,加油,2024.05.31
00:35,加油,2024.05.31
01:34,中考加油！！！,2024.05.31
00:08,高考加油！,2024.05.31
00:13,中考胜利!啊啊啊啊啊啊!,2024.05.31
01:56,谢谢拔叔,2024.05.31
01:07,中考加油,2024.05.31
01:20,中考加油,2024.05.31
00:03,接住了 谢谢,2024.05.31
01:10,中考加油！！！,2024.05.31
00:38,gala！！！！！！！！！！！！,2024.05.31
01:14,应该是手比较笨,2024.05.31
00:26,中考加油,2024.05.31
00:26,高考必胜！,2024.05.31
00:17,祝我30天后中考出好成绩,2024.05.31
00:26,好好做人,2024.05.31
01:25,邢台一中！,2024.05.31
00:59,中考上岸！,2024.05.31
00:53,接！,2024.05.31
00:09,高考加油，一定上岸！,2024.05.31
00:47,？？,2024.05.31
01:47,这是拔叔的弟弟-拨叔,2024.05.31
00:17,中考加油,2024.05.31
00:12,中考加油！,2024.05.31
01:03,高考上岸！,2024.05.31
00:47,我操,2024.05.31
02:14,高考上岸,2024.05.31
01:52,接接接,2024.05.31
00:08,中考加油！,2024.05.31
00:46,谢谢谢谢！！！！,2024.05.31
00:27,2024中考上岸金乡一中！！！,2024.05.31
00:05,谢谢,2024.05.31
02:13,高考加油！,2024.05.31
01:05,借您吉言！,2024.05.31
00:09,高考必胜！,2024.05.31
00:22,谢谢拔叔,2024.05.31
00:23,接接接,2024.05.31
00:09,中考加油,2024.05.31
02:16,中考加油,2024.05.31
01:16,我要上高中！！,2024.05.31
00:19,谢谢,2024.05.31
00:06,中考必胜！,2024.05.31
02:03,写扳叔！,2024.05.31
00:15,中考加油！不仅祝自己，也祝别人有个好成绩！,2024.05.31
00:15,中考加油,2024.05.31
01:11,GPC加油冲！,2024.05.31
00:08,谢谢！,2024.05.31
00:36,加油啊！,2024.05.31
01:49,已经尽力哈哈哈哈哈哈哈哈哈,2024.05.31
00:18,谢谢扳叔,2024.05.31
00:23,谢谢!高考必过!!!,2024.05.31
00:08,中考必胜！,2024.05.31
01:14,高考加油，高考必胜！！！,2024.05.31
01:51,谢谢板叔!,2024.05.31
00:44,好运连连，逢考必过,2024.05.31
00:15,借你吉言,2024.05.31
01:21,厦门大学,2024.05.31
00:24,谢谢拔叔！,2024.05.31
00:05,感谢,2024.05.31
00:08,屑屑你,2024.05.31
00:17,这下听懂了,2024.05.31
00:21,中考加油,2024.05.31
00:11,谢谢，中考考上七中!,2024.05.31
01:39,高音nb,2024.05.31
00:21,加少点油，会腻,2024.05.31
01:07,《手笨》,2024.05.31
01:10,格罗宁根！势在必得！！！,2024.05.31
00:05,梦泪,2024.05.31
01:03,加油加油！,2024.05.31
01:27,同志们中考加油！,2024.05.31
01:18,考上理想大学,2024.05.31
00:09,高考加油，中考必胜，金榜题名！,2024.05.31
01:22,万岁！,2024.05.31
00:25,中考加油,2024.05.31
01:09,本科！,2024.05.31
00:11,高考加油,2024.05.31
01:46,二中！,2024.05.31
00:09,金榜题名,2024.05.31
00:00,金榜题名,2024.05.31
01:30,丽中！,2024.05.31
00:30,接,2024.05.31
00:08,金榜题名!,2024.05.31
00:05,中考必胜，金榜题名！！！,2024.05.31
01:25,安一中！！,2024.05.31
00:15,我们一起中考加油!,2024.05.31
00:36,追梦赤子心！,2024.05.31
00:33,谢谢拔叔,2024.05.31
00:13,冲冲冲,2024.05.31
02:00,中考加油，考上一中！！！,2024.05.31
01:34,一中我来了,2024.05.31
01:10,中考加油！！！,2024.05.31
00:14,生物稳了,2024.05.31
01:27,二十中崇华二南开等我,2024.05.31
02:28,冲冲冲！,2024.05.31
02:03,航城93,2024.05.31
01:35,想上江科大！,2024.05.31
01:22,高考本科上岸！,2024.05.31
00:05,中考大捷，被县中录取,2024.05.31
01:18,深圳东师附中,2024.05.31
00:31,谢谢,2024.05.31
01:28,上岸啊！！！,2024.05.31
01:22,中考加油！,2024.05.31
00:23,中文说得不错,2024.05.31
01:20,中考加油！,2024.05.31
00:06,高考必胜！,2024.05.31
00:23,“成功上大学，失败上餐桌”,2024.05.31
01:10,锦中等我！,2024.05.31
00:17,高考加油！,2024.05.31
00:09,中考加油！中考必胜！金榜题名！！！,2024.05.31
00:23,中考必胜！,2024.05.31
00:27,接,2024.05.31
00:03,中考加油，重新找回状态，斗争20天！,2024.05.31
02:24,周南中学，等我！,2024.05.31
00:06,高考加油！,2024.05.31
00:19,中考上岸,2024.05.31
00:07,接,2024.05.31
01:20,考上十一高！,2024.05.31
01:21,中考必胜！！！！！！！,2024.05.31
01:17,中考必胜！,2024.05.31
00:41,感谢拔叔,2024.05.31
00:15,接收祝福，感谢拔叔,2024.05.31
01:58,祝高三的学长们高考必胜！（来自高一的祝福）,2024.05.31
01:56,谢谢拔叔！,2024.05.31
01:00,谢谢扳叔,2024.05.31
00:25,接,2024.05.31
00:22,中考加油,2024.05.31
00:13,中考加油！,2024.05.31
01:19,中考加油啊！,2024.05.31
00:41,初三11班诸辰辰祝上岸,2024.05.31
00:11,高考加油，中考必胜，金榜题名！,2024.05.31
00:11,小升初考加油,2024.05.31
02:09,纵使困顿难行，亦当砥砺奋进!,2024.05.31
01:07,我要上高中,2024.05.31
01:16,中考上岸,2024.05.31
02:27,谢谢,2024.05.31
01:18,地生满分！,2024.05.31
00:02,从未关注，从未错过,2024.05.31
00:41,杀！！！,2024.05.31
00:04,每周必看,2024.05.31
01:49,一中一中！,2024.05.31
01:04,考出理想成绩,2024.05.31
00:08,中考稳了,2024.05.31
00:04,中考加油,2024.05.31
00:04,me,2024.05.31
00:25,谢谢,2024.05.31
01:34,中考加油,2024.05.31
00:14,感动了哥,2024.05.31
00:03,中考必胜,2024.05.31
01:37,大家中高考加油！,2024.05.31
00:32,接,2024.05.31
00:20,感谢！高考上岸！,2024.05.31
00:05,稳了有汉尼拔全都稳了,2024.05.31
00:39,谢谢,2024.05.31
00:04,稳啦！,2024.05.31
00:21,接接接,2024.05.31
02:25,谢谢扳叔！,2024.05.31
00:15,这个角度不行,2024.05.31
01:58,精英本部，两个人一起,2024.05.31
01:57,加油！,2024.05.31
00:17,板叔，这个我接了,2024.05.31
00:04,最仁慈的一集,2024.05.31
01:21,中考必胜,2024.05.31
01:40,安建，安工,2024.05.31
00:08,中考必胜！,2024.05.31
00:09,中考加油,2024.05.31
01:03,中考顺利,2024.05.31
02:31,谢谢板叔,2024.05.31
01:37,谢谢拔叔,2024.05.31
00:28,？,2024.05.31
00:24,接,2024.05.31
02:26,谢谢扳叔,2024.05.31
01:02,那兔(有端联想),2024.05.31
00:06,好耶，高考腾考场放假,2024.05.31
01:52,拔叔,2024.05.31
01:47,《鸡翅跑》,2024.05.31
00:44,一定要考上事业编,2024.05.31
01:37,一高!,2024.05.31
00:14,加油！,2024.05.31
02:11,中考必胜,2024.05.31
00:26,谢谢拔叔,2024.05.31
01:01,必须给币了呀,2024.05.31
00:44,高考过后的大脑还更好吃。,2024.05.31
01:06,许愿赣中,2024.05.31
01:18,西北大学！,2024.05.31
01:09,也许呢 我真的可以站在那里 加油！,2024.05.31
00:57,高粽！,2024.05.31
02:13,谢谢拔叔！,2024.05.31
02:07,上海交通大学。,2024.05.31
00:11,中考上岸！,2024.05.31
00:20,谢谢拔叔！,2024.05.31
01:04,中考加油！,2024.05.31
00:29,期末必赢,2024.05.31
00:04,高考必胜！,2024.05.31
01:40,中考加油，上岸！,2024.05.31
01:34,中考加油,2024.05.31
00:05,考上心仪的高中,2024.05.31
00:01,许愿考上心仪的初中,2024.05.31
00:51,中考必胜,2024.05.31
00:36,谢了,2024.05.31
01:39,一中,2024.05.31
01:14,中考加油,2024.05.31
01:09,中考上岸,2024.05.31
00:03,高考加油，中考必胜，金榜题名！,2024.05.31
02:22,谢谢扳叔！！！,2024.05.31
00:01,[ohh],2024.05.31
00:00,[ohh],2024.05.31
00:08,中考加油,2024.05.31
01:57,祝2024年考生高考加油金榜提名,2024.05.31
01:17,考上华南师范大学附属中学！,2024.05.31
00:17,高考必胜!!!,2024.05.31
00:06,祝我17天后中考顺利,2024.05.31
01:10,高考加油,2024.05.31
00:38,向前跑～～～～～迎着冷眼和嘲笑！！！！！,2024.05.31
02:09,中考加油,2024.05.31
00:08,拔叔祝我会考双百！,2024.05.31
02:29,关注！,2024.05.31
00:03,接,2024.05.31
01:52,中考加油,2024.05.31
01:13,中考超常发挥,2024.05.31
00:12,必拿下！,2024.05.31
00:04,考不好，我烤你（d）,2024.05.31
00:14,中考加油！！,2024.05.31
00:17,谢谢扳叔！,2024.05.31
00:42,谢谢叔,2024.05.31
00:22,借你吉言！,2024.05.31
01:29,地生加油！！！,2024.05.31
01:51,谢谢扳叔！,2024.05.31
00:21,金榜题名,2024.05.31
00:28,拔叔谢谢,2024.05.31
01:07,特部我来啦,2024.05.31
00:12,接,2024.05.31
01:19,中考必胜！！,2024.05.31
01:15,我就以为这不是放的原唱吧,2024.05.31
01:14,七中通锦,2024.05.31
00:17,借你吉言,2024.05.31
00:33,拔叔不吃你，快说谢谢拔叔,2024.05.31
00:14,谢谢扳叔,2024.05.31
00:16,中考加油！！！,2024.05.31
00:35,谢谢拔叔,2024.05.31
02:18,有压力锅,2024.05.31
00:11,《汉你爸》,2024.05.31
00:04,我饿了,2024.05.31
00:12,中考加油！！,2024.05.31
00:15,借您吉言，中考考出好成绩，学业有成,2024.05.31
02:21,压力太大醇酯分泌过多肉就不好吃了（）,2024.05.31
00:14,14天后中考稳了,2024.05.31
00:23,谢谢拔叔，下次吧,2024.05.31
02:21,加油,2024.05.31
00:14,中考上岸，必胜,2024.05.31
00:07,谢谢,2024.05.31
00:00,加油,2024.05.31
00:18,感谢板叔,2024.05.31
02:23,好！,2024.05.31
00:21,ohooo,2024.05.31
00:24,烧尾宴！,2024.05.31
01:15,中考加油！,2024.05.31
00:59,上岸，一切都是为了这次！,2024.05.31
00:07,地生拿下,2024.05.31
00:36,谢谢拔叔,2024.05.31
00:08,接,2024.05.31
00:34,谢谢扳叔，中考650,2024.05.31
02:04,呜呜呜我真的哭死,2024.05.31
02:00,雷姆了，兄弟们,2024.05.31
00:04,吴三桂!,2024.05.31
00:08,中考必胜！,2024.05.31
00:38,谢谢扳叔,2024.05.31
01:57,人大附中！,2024.05.31
00:03,谢谢拔叔,2024.05.31
01:04,中考顺利,2024.05.31
00:38,加油,2024.05.31
00:28,接,2024.05.31
01:56,加油，板叔，考上了我来报告,2024.05.31
00:23,接,2024.05.31
01:55,谢谢,2024.05.31
00:05,每周必看,2024.05.31
00:27,谢谢扳叔,2024.05.31
00:27,谢谢拔叔,2024.05.31
01:10,中考加油！,2024.05.31
01:00,中考加油！,2024.05.31
00:07,加油,2024.05.31
00:09,借您吉言,2024.05.31
02:25,郫县1中  上,2024.05.31
00:01,接接接接接,2024.05.31
00:33,接,2024.05.31
00:20,谢谢！,2024.05.31
00:04,中考顺利 金榜题名！,2024.05.31
01:53,接!,2024.05.31
00:08,谢谢你（超大声）,2024.05.31
00:48,中考上岸，金榜题名,2024.05.31
00:15,开口脆,2024.05.31
01:14,这不是那兔主题曲吗？第1次听那兔的时候，我还以为他是英语或者是俄语,2024.05.31
00:15,接,2024.05.31
02:25,谢谢扳叔，2024高考上岸厦大生物系！,2024.05.31
02:15,考上市重点！,2024.05.31
01:29,2024上岸厦大！,2024.05.31
01:28,赵县中学！,2024.05.31
01:12,南方科技大学附属中学！,2024.05.31
02:27,哈哈哈，才看名字，原来是汉尼ban啊！哈哈哈,2024.05.31
00:20,接！！！,2024.05.31
01:06,希君生羽翼，一化北冥鱼,2024.05.31
00:17,中考必胜,2024.05.31
00:04,接,2024.05.31
01:58,接2024高考上岸！！！,2024.05.31
01:27,长风破浪会有时，直挂云帆济沧海,2024.05.31
01:17,北京师范大学南山附属中学！,2024.05.31
00:27,谢谢,2024.05.31
00:30,高考上岸！！！,2024.05.31
00:07,中考加油,2024.05.31
00:45,谢谢,2024.05.31
00:00,谢谢！,2024.05.31
00:01,中考顺利金榜题名,2024.05.31
00:12,中考必胜,2024.05.31
00:53,中考加油，中考必胜,2024.05.31
00:41,谢谢扳叔,2024.05.31
00:48,中考上岸,2024.05.31
00:53,感谢汉尼拔汉化组,2024.05.31
00:12,中考加油,2024.05.31
00:04,中考必胜！,2024.05.31
02:03,谢谢板叔,2024.05.31
02:30,作人最重要的是火候,2024.05.31
00:15,中考必胜！,2024.05.31
02:29,20天中考，谢谢扳叔,2024.05.31
01:36,中之墨，国之殇，殿前落，生或荡。,2024.05.31
00:03,每周必看,2024.05.31
00:01,祝中考祝中考金榜题名,2024.05.31
00:19,希望考试上前十,2024.05.31
01:04,中考加油,2024.05.31
01:02,中考二中加油,2024.05.31
01:02,中考上岸,2024.05.31
00:16,接,2024.05.31
00:03,谢谢拔叔,2024.05.31
01:38,区前20,2024.05.31
00:44,优雅，实在是太优雅了,2024.05.31
00:46,加油！你,2024.05.31
00:33,谢谢扳叔,2024.05.31
01:11,中考加油,2024.05.31
00:05,中考 许愿 交大附中,2024.05.31
02:26,谢谢！,2024.05.31
01:08,借你吉言,2024.05.31
02:00,谢谢,2024.05.31
00:05,24高考，旗开得胜！折桂蟾宫！,2024.05.31
02:20,谢谢扳叔,2024.05.31
01:21,二中我来了,2024.05.31
00:42,加油,2024.05.31
00:34,中考加油,2024.05.31
01:06,不会要做状元糕和粽子吧？,2024.05.31
00:24,接好运,2024.05.31
00:26,中考上高中,2024.05.31
01:29,中考上岸！中考必胜！,2024.05.31
01:27,芜湖一中！,2024.05.31
00:08,努力真的可以改变。我初二下学期刚开学，地理不及格。后来努力学习。直接考到了82。这多亏了我的好同桌，陪我一起努力。所以说一个好同桌对于学习非常重要。,2024.05.31
01:03,2024高考我们定会相见峰顶,2024.05.31
02:15,我一个中考生根本紧张不起来，怎么办？,2024.05.31
00:01,稳啦稳啦！！！,2024.05.31
00:00,中考顺利！,2024.05.31
00:15,谢谢拔叔,2024.05.31
02:29,“开心”,2024.05.31
02:27,谢谢扳叔,2024.05.31
02:31,加油,2024.05.31
00:27,他本来就是中国人,2024.05.31
00:04,谢谢汉尼扳的祝福,2024.05.31
00:27,高中必须上。,2024.05.31
00:38,谢谢扳叔，高考加油,2024.05.31
00:19,中考必胜！,2024.05.31
01:24,这里班歌一直唱不上去,2024.05.31
00:20,接接,2024.05.31
00:08,中考加油！,2024.05.31
01:22,初一期末分班考加油,2024.05.31
01:45,考上高中,2024.05.31
00:31,追梦赤子心草 我们班歌,2024.05.31
00:15,谢谢！,2024.05.31
02:03,高考加油,2024.05.31
01:32,中考必胜,2024.05.31
02:14,中考上岸！,2024.05.31
00:05,祝我20天后中考胜利！,2024.05.31
01:08,考上里高！,2024.05.31
01:05,中考加油吧,2024.05.31
02:06,你这粽子是甜的咸的？（惊恐）,2024.05.31
02:26,好！,2024.05.31
00:39,谢谢拔叔,2024.05.31
00:08,中烤，高烤,2024.05.31
01:29,南郊中学！,2024.05.31
00:10,高考加油！！！！,2024.05.31
02:30,这个确实,2024.05.31
00:18,耶？我突然就听懂外语了？,2024.05.31
01:41,加油,2024.05.31
00:26,考上一中,2024.05.31
02:23,借你吉言,2024.05.31
00:17,中考顺利上岸,2024.05.31
01:28,拔叔扭曲了,2024.05.31
00:07,领取好运,2024.05.31
02:26,谢谢扳叔！！借您吉言！,2024.05.31
01:24,高考加油！,2024.05.31
02:20,谢谢拔叔,2024.05.31
00:25,地生考试加油！！！,2024.05.31
00:47,谢谢拔叔,2024.05.31
01:09,高考加油,2024.05.31
01:56,谢谢拔叔,2024.05.31
00:07,高考上岸！,2024.05.31
00:04,23天后地生中考,2024.05.31
01:03,谢谢扳叔,2024.05.31
00:56,中考加油，三中我来了！,2024.05.31
00:02,每周必看,2024.05.31
02:06,中考加油！,2024.05.31
01:57,高考600！,2024.05.31
00:17,中考加油！！！！！,2024.05.31
00:23,《碗里面去》,2024.05.31
02:24,感谢板叔,2024.05.31
01:09,高考加油！！！！,2024.05.31
00:10,中考大捷,2024.05.31
01:17,谢谢,2024.05.31
02:20,拔叔承蒙关注,2024.05.31
00:09,高考必胜,2024.05.31
02:16,上500,2024.05.31
00:06,中考必胜,2024.05.31
00:13,中考加油！！！,2024.05.31
01:52,中考上岸!!!,2024.05.31
01:06,谢谢，但是我下一年其余中考，但是我有会考，谢谢拨叔希望我的生物地理会考能通过并取得高分，借你吉言，谢谢,2024.05.31
02:27,谢谢拔叔，四中等我,2024.05.31
02:16,加油！！,2024.05.31
01:12,610,2024.05.31
00:26,谢谢,2024.05.31
01:53,一定上民中！,2024.05.31
01:32,中考加油,2024.05.31
01:13,高考上岸,2024.05.31
00:36,拔叔不吃本科以下,2024.05.31
00:11,高考加油，中考必胜，金榜题名！,2024.05.31
01:33,高考上岸,2024.05.31
01:57,640！,2024.05.31
00:25,我嘞个升学宴啊,2024.05.31
00:24,生煎监考,2024.05.31
00:08,借您吉言，中考考出好成绩，学业有成，事业有成，家庭和睦，挣大钱，发大财,2024.05.31
00:02,中考必胜,2024.05.31
00:21,感谢拔叔！,2024.05.31
00:23,谢谢板叔,2024.05.31
01:14,高考别崩啊,2024.05.31
01:59,中考必胜,2024.05.31
00:07,投币比收藏还多,2024.05.31
01:26,天大！,2024.05.31
01:12,接！,2024.05.31
00:13,谢谢拔叔,2024.05.31
00:02,中考上岸！！！,2024.05.31
01:16,考上中国地质大学！,2024.05.31
01:19,南宁二中！,2024.05.31
00:25,接！,2024.05.31
02:05,2024中考必胜,2024.05.31
00:26,我猜，今晚吃脑花,2024.05.31
00:11,高考必胜,2024.05.31
00:00,拔叔脸和脖子不是一个色啊,2024.05.31
01:18,中考濠师，金海湾中,2024.05.31
00:20,接,2024.05.31
01:54,高考上岸,2024.05.31
02:16,好好考，注意火候，糊了坂叔会生气,2024.05.31
01:02,八中等我,2024.05.31
01:56,特控线！,2024.05.31
00:21,接！,2024.05.31
00:55,中考加油,2024.05.31
01:34,百万特效,2024.05.31
00:03,哇，正好马上中考,2024.05.31
00:09,高考加油，中考必胜，金榜题名！,2024.05.31
01:37,中考加油！考个好分数,2024.05.31
00:24,中考上岸！,2024.05.31
00:30,高考上岸,2024.05.31
00:40,加油！！！！٩(๑^o^๑)۶,2024.05.31
00:52,市一中,2024.05.31
00:10,金榜题名，二中,2024.05.31
00:48,市一中！！！,2024.05.31
01:22,中考必胜！！！,2024.05.31
00:28,中考必胜,2024.05.31
01:08,实验中学！！,2024.05.31
01:15,谢谢扳叔,2024.05.31
00:07,谢谢扳叔，中考上岸！,2024.05.31
00:39,谢谢,2024.05.31
00:23,有没有一种可能，up主原来就是中国人。,2024.05.31
00:04,借您吉言,2024.05.31
00:19,接！,2024.05.31
00:23,接,2024.05.31
00:05,接,2024.05.31
02:07,中考加油！！,2024.05.31
01:44,国美上岸！,2024.05.31
00:17,感谢，接接接，中考上岸,2024.05.31
00:03,接,2024.05.31
00:15,中考加油！上岸！,2024.05.31
00:00,中考加油！！！,2024.05.31
00:14,高考加油！,2024.05.31
02:07,市重点 加油,2024.05.31
02:31,谢谢拔叔,2024.05.31
00:10,l),2024.05.31
02:02,2024高考加油,2024.05.31
00:10,中考加油,2024.05.31
02:04,谢谢扳叔,2024.05.31
01:17,高考考上二A,2024.05.31
01:08,南信等我！,2024.05.31
00:36,接,2024.05.31
00:06,借你吉言，高考上岸,2024.05.31
00:13,高考加油！！！,2024.05.31
00:39,从未关注，从未错过,2024.05.31
00:34,接,2024.05.31
00:39,最支持的一集,2024.05.31
00:25,高考加油,2024.05.31
02:22,谢谢拔叔！,2024.05.31
00:01,谢谢扳叔,2024.05.31
00:06,I'm hungry,2024.05.31
02:02,加油,2024.05.31
01:56,上岸,2024.05.31
00:15,谢谢你拨叔，中考加油,2024.05.31
00:04,高考必胜！,2024.05.31
00:06,上岸！,2024.05.31
00:28,谢谢！高考必胜,2024.05.31
00:19,断头饭（,2024.05.31
01:25,考上高中,2024.05.31
00:04,加油！！中考必胜！,2024.05.31
02:21,谢谢,2024.05.31
01:11,州四所,2024.05.31
00:20,接,2024.05.31
00:11,逢考必过！,2024.05.31
00:04,接住了,2024.05.31
00:02,接@,2024.05.31
02:17,一中！！,2024.05.31
00:04,高考必胜,2024.05.31
01:18,电子科大！,2024.05.31
01:12,我要拿指标，加油,2024.05.31
00:04,我饿了,2024.05.31
00:09,谢谢拔叔,2024.05.31
00:11,中考必胜,2024.05.31
01:24,高考加油,2024.05.31
00:14,加油！,2024.05.31
00:05,拔叔教你做人,2024.05.31
00:48,接！,2024.05.31
00:15,高考必胜！金榜题名！广州医科大学上岸！,2024.05.31
01:48,实验等我!!!,2024.05.31
01:50,谢谢扳叔！,2024.05.31
01:53,中考必胜！,2024.05.31
01:53,中考必胜！,2024.05.31
00:39,加油！,2024.05.31
00:03,谢谢拔叔,2024.05.31
01:11,湖南科技大学,2024.05.31
00:31,希望能考上博中,2024.05.31
01:15,中考必胜！,2024.05.31
01:54,高考必胜,2024.05.31
02:14,谢谢扳叔！,2024.05.31
01:08,超常发挥！,2024.05.31
00:21,多谢拔叔了,2024.05.31
00:04,高考加油，中考必胜，金榜题名！,2024.05.31
00:47,厉害,2024.05.31
00:06,接,2024.05.31
00:14,中考上岸,2024.05.31
00:12,高考上岸,2024.05.31
02:16,希望考个好成绩！,2024.05.31
00:02,支持扳叔的一集,2024.05.31
00:04,这标题，考虑过小升初人的感受吗？,2024.05.31
01:00,谢扳叔，中考加油,2024.05.31
00:23,中考加油,2024.05.31
00:07,高考上岸！！！,2024.05.31
02:15,射高,2024.05.31
00:07,谢谢大肌拔,2024.05.31
02:21,借你吉言,2024.05.31
02:00,中考上岸,2024.05.31
01:16,中考加油！！,2024.05.31
02:03,谢谢拔叔,2024.05.31
02:22,谢谢扳叔,2024.05.31
01:17,兴文二中，加油吧！,2024.05.31
00:30,感谢感谢,2024.05.31
01:54,谢谢汉尼扳,2024.05.31
02:19,金榜题名,2024.05.31
00:42,二中我来了！,2024.05.31
01:10,谢谢板叔,2024.05.31
00:11,高考顺利！,2024.05.31
02:21,谢谢,2024.05.31
00:09,中考加油！,2024.05.31
00:30,帮我姐接个好运！,2024.05.31
00:24,中考必胜,2024.05.31
01:02,中考加油 ！,2024.05.31
01:16,长沙理工大学,2024.05.31
00:12,谢 谢 扳 叔！,2024.05.31
00:15,中考加油！,2024.05.31
00:08,接,2024.05.31
00:29,中考加油,2024.05.31
00:10,气死我了，本来学好好的语数英三科。突然加个科学进来关键是我根本没学过,2024.05.31
01:19,高考必胜,2024.05.31
00:49,厉害了，太会做人啦！,2024.05.31
00:04,接，高考上岸,2024.05.31
00:22,感谢拔叔，祝上高中,2024.05.31
00:01,谢谢拔叔,2024.05.31
00:12,生地会考稳了 ,2024.05.31
00:14,中考加油！,2024.05.31
00:38,谢谢扳叔，大家中高考加油！,2024.05.31
00:03,2024高考上岸考上一本,2024.05.31
00:13,关注的才十几万粉丝。,2024.05.31
00:51,你来真的,2024.05.31
00:14,希望我成绩优秀！考上理想大学！,2024.05.31
01:20,中考必胜！！！,2024.05.31
00:10,接！,2024.05.31
00:57,感谢JM汉化组,2024.05.31
00:12,中考加油！,2024.05.31
01:38,谢谢扳叔！！！我一定会考上本科的！,2024.05.31
00:00,谢谢,2024.05.31
01:25,中考加油！！！！！,2024.05.31
00:14,高考加油，中考必胜，金榜题名！,2024.05.31
01:19,考上瑞金一中。,2024.05.31
00:13,中考加油！,2024.05.31
01:57,尽力了,2024.05.31
01:52,绷,2024.05.31
00:08,接,2024.05.31
01:28,加油,2024.05.31
01:50,暗藏玄机,2024.05.31
00:35,谢,2024.05.31
00:04,接接接,2024.05.31
00:18,《最 后 的 晚 餐》,2024.05.31
00:03,中考加油！,2024.05.31
00:52,最有实力的祝福视频，今天看了个老孔超,2024.05.31
00:02,接,2024.05.31
00:22,小中考加油,2024.05.31
00:44,谢谢扳叔！,2024.05.31
01:10,加油,2024.05.31
01:17,考上武安一中！！！！！！！,2024.05.31
01:47,展翅高飞,2024.05.31
01:18,生化过180！,2024.05.31
00:50,中考加油！,2024.05.31
01:09,他真会我看,2024.05.31
01:08,学校起床铃,2024.05.31
00:31,考不上就找抜叔了，加油,2024.05.31
00:31,谢谢!,2024.05.31
00:48,中考加油！,2024.05.31
00:15,中考必胜,2024.05.31
00:41,接！,2024.05.31
02:06,中考加油,2024.05.31
01:04,借你吉言,2024.05.31
01:26,一中！,2024.05.31
01:05,拔叔都加油了还不g去复习,2024.05.31
00:26,加油啊各位，不要留遗憾,2024.05.31
00:12,失败者都吃了,2024.05.31
01:23,就是要这样唱！！！不破音都没感觉知道不！！！,2024.05.31
02:22,放松肉质才会好,2024.05.31
00:10,失败者都被端上餐桌了,2024.05.31
01:09,会唱会弹会做人，爱了爱了,2024.05.31
00:08,祝我23天后中考出好成绩,2024.05.31
00:06,中考必胜！,2024.05.31
00:44,那年那兔的背景音乐。,2024.05.31
00:16,谢谢拔叔！,2024.05.31
00:04,食材是改卷老师,2024.05.31
00:14,车仁表,2024.05.31
00:26,吃了就没有必要去咯,2024.05.31
02:09,考上公办二本！,2024.05.31
01:51,中考加油！！！！,2024.05.31
01:16,中考加油,2024.05.31
00:05,394天后的中考,2024.05.31
00:14,接,2024.05.31
00:33,还没考呢就被吃了,2024.05.31
00:51,西安交大欢迎你！同学加油，等你,2024.05.31
01:57,各位2024的高考生们，端午节快乐啊！,2024.05.31
00:42,高考加油！,2024.05.31
01:02,我要考湖南体育学院,2024.05.31
02:23,高考加油！,2024.05.31
02:08,别人模仿，他真的,2024.05.31
01:39,中考加油,2024.05.31
01:04,苏大！,2024.05.31
00:04,60w了,2024.05.31
00:56,中考加油！,2024.05.31
00:49,不是，你真会啊,2024.05.31
01:36,中考必胜,2024.05.31
02:09,谢谢扳叔!,2024.05.31
00:43,葱满鲜滑的世界在哪里,2024.05.31
00:06,接！,2024.05.31
00:38,请烤生自备姜蒜,2024.05.31
00:09,中考加油！,2024.05.31
01:32,中考必胜,2024.05.31
00:20,加油,2024.05.31
01:59,谁说的插翅难逃和五花大仓，我一口酸奶喷出来了。,2024.05.31
01:44,加油！,2024.05.31
00:10,界,2024.05.31
00:34,稳了，谢谢拔叔！中考必上岸致理！,2024.05.31
00:21,接,2024.05.31
00:57,东南大学,2024.05.31
00:04,接,2024.05.31
00:30,中考必胜！！！！！,2024.05.31
01:55,中考上岸,2024.05.31
00:25,汉尼拔：考好了我当你的食物，考不好就……,2024.05.31
01:42,小升初加油！,2024.05.31
00:04,接,2024.05.31
01:24,小升初加油!,2024.05.31
00:15,AI换脸吧,2024.05.31
01:03,重庆一中,2024.05.31
01:05,姜茗月你一定要加油,2024.05.31
01:12,考上高中,2024.05.31
01:58,中考上岸！,2024.05.31
00:27,接接接接接接！,2024.05.31
00:13,借您吉言！！！,2024.05.31
02:12,中考加油,2024.05.31
00:09,高考上岸！！！,2024.05.31
02:02,加油！,2024.05.31
01:11,中考加油，谢谢扳叔,2024.05.31
01:44,这首歌叫追梦赤子心,2024.05.31
00:09,中考一中700+,2024.05.31
00:11,高考必胜，金榜题名！,2024.05.31
00:06,感谢拔哥,2024.05.31
00:06,考上化一,2024.05.31
02:09,高考上岸,2024.05.31
02:05,同济大学！,2024.05.31
01:16,中考必胜！,2024.05.31
02:24,谢谢扳叔,2024.05.31
02:23,谢谢,2024.05.31
01:57,高考上岸！！,2024.05.31
00:24,危,2024.05.31
00:02,愿高考英语超常发挥,2024.05.31
01:06,加油,2024.05.31
00:11,为我自己，中考顺利,2024.05.31
00:26,感谢,2024.05.31
00:25,中考加油！！,2024.05.31
00:28,谢谢拔叔,2024.05.31
02:07,中考加油！！！！我要全县前50！！！,2024.05.31
02:21,谢谢扳叔！,2024.05.31
00:48,？？？啊？？？,2024.05.31
01:21,650!,2024.05.31
01:23,福建警察学院上岸！,2024.05.31
00:07,中考必胜，过二中线!,2024.05.31
00:07,借您吉言，中考考出好成绩，学业有成,2024.05.31
01:33,考上十中,2024.05.31
00:09,接！,2024.05.31
00:40,加油,2024.05.31
00:09,领取好运,2024.05.31
02:29,借您吉言,2024.05.31
01:20,中考加油,2024.05.31
00:06,借你吉言,2024.05.31
00:35,加油！,2024.05.31
00:43,闻中等我！！！！！！,2024.05.31
00:35,一中实验班必上,2024.05.31
00:14,接好运,2024.05.31
02:29,谢谢，高考加油,2024.05.31
00:35,追梦赤子心！！！,2024.05.31
00:46,圣杯战争成员中最正义的一个,2024.05.31
00:35,曲不对啊,2024.05.31
00:15,接接接接接接接！,2024.05.31
00:08,6月14号，地理生物结业考试,2024.05.31
01:09,北京外国语大学,2024.05.31
01:38,今晚自觉备好葱姜蒜料酒,2024.05.31
00:33,中考加油！,2024.05.31
01:30,HH考到上海政法学院,2024.05.31
00:06,高考加油,2024.05.31
01:08,欢迎各位24届学弟学妹来天津大学呀,2024.05.31
00:36,不是，你真会啊,2024.05.31
00:59,谢谢拔叔,2024.05.31
02:25,谢谢扳叔祝福！,2024.05.31
00:28,祝自己地生中考上岸！,2024.05.31
00:15,扳叔助我！！！！,2024.05.31
00:12,初看3,2024.05.31
01:56,加油,2024.05.31
00:11,初看,2024.05.31
01:22,中考加油,2024.05.31
01:10,高考顺遂,2024.05.31
00:06,中考必胜,2024.05.31
01:05,安徽警官学院,2024.05.31
00:07,还好我去年考了,2024.05.31
00:45,讨厌，害我笑了一下,2024.05.31
02:11,冲冲冲,2024.05.31
00:42,加油,2024.05.31
02:25,谢谢,2024.05.31
02:03,加油！！！,2024.05.31
01:28,考上洛一高！！！,2024.05.31
01:02,北航冲冲冲,2024.05.31
01:01,中考顺利,2024.05.31
01:20,滕州一中！,2024.05.31
00:03,借您吉言，中考考出好成绩，学业有成，事业有成，家庭和睦，挣大钱，发大财,2024.05.31
00:38,谢谢扳叔,2024.05.31
01:15,大学生在此祝福各位高考取得好成绩,2024.05.31
02:01,对食物最后的留念,2024.05.31
00:15,借拔叔吉言！中考必上岸！,2024.05.31
01:34,加油,2024.05.31
00:18,祝中考，高考的学子学业有成,2024.05.31
01:14,人翅，确信,2024.05.31
01:11,中考加油必胜!!!,2024.05.31
00:08,中考必胜,2024.05.31
00:06,这次不得不三连了,2024.05.31
01:50,接，上岸上岸！！！！！！！,2024.05.31
00:38,这圣体就该他当，啊啊啊,2024.05.31
02:23,谢谢扳叔！！借您吉言！,2024.05.31
02:04,谢谢了，叔，中考上岸。,2024.05.31
00:09,接，上岸上岸！！！！！！！,2024.05.31
01:23,中考必胜！！！,2024.05.31
02:10,面试成功！,2024.05.31
01:17,中考加油！！,2024.05.31
00:42,试图安抚食材,2024.05.31
01:02,中考加油,2024.05.31
01:31,虽然但是，这什么鬼特效,2024.05.31
00:34,我靠，你真会啊,2024.05.31
02:03,等我扳叔,2024.05.31
00:27,感谢拔叔,2024.05.31
01:28,西安美术学院！！！！,2024.05.31
00:07,谢谢你,2024.05.31
00:48,高考加油！冲刺！,2024.05.31
00:36,高三八班,2024.05.31
00:11,中考加油！！！！,2024.05.31
00:07,解决一名竞争对手段位加一,2024.05.31
01:07,公考上岸！,2024.05.31
00:31,注意看up名字,2024.05.31
01:10,中国也有自己的汉尼拔！,2024.05.31
01:24,扳叔你差点吓着食材,2024.05.31
00:28,这手一看没少练,2024.05.31
01:38,苏大！！！冲！,2024.05.31
02:01,点了！！！,2024.05.31
00:23,谢谢拔叔，我高考势在必得,2024.05.31
00:13,上岸,2024.05.31
01:51,高考上岸985，211！,2024.05.31
00:06,高考必胜,2024.05.31
00:00,老铁们今天吃小朋友,2024.05.31
02:30,谢谢拔叔,2024.05.31
01:12,谢谢扳叔，这最后一次，我不会再输了,2024.05.31
00:03,谢谢拔叔,2024.05.31
00:12,接,2024.05.31
00:04,初中生感动了，根本没有人记得我们要中考的人,2024.05.31
02:28,谢谢,2024.05.31
00:22,金榜题名,2024.05.31
00:40,高考大捷,2024.05.31
01:11,哇，炒人翅,2024.05.31
00:12,高考上岸,2024.05.31
00:17,最正能量的一集,2024.05.31
02:05,高考加油,2024.05.31
01:01,啊啊啊好帅,2024.05.31
01:52,来人给扳叔上两个扁桃体补补,2024.05.31
00:32,谢谢拔叔,2024.05.31
00:05,40万到60万,2024.05.31
02:00,好,2024.05.31
02:10,高考加油！,2024.05.31
02:26,开火,2024.05.31
00:10,高考加油,2024.05.31
00:08,谢谢扳叔,2024.05.31
02:03,谢谢拔叔,2024.05.31
00:49,笑了,2024.05.31
02:29,升华了，不愧是拔叔，做人最重要的就是开心,2024.05.31
00:07,不敢饿不敢饿,2024.05.31
00:59,加油啊各位考生,2024.05.31
01:19,新疆大学上岸！,2024.05.31
02:25,谢谢拨叔,2024.05.31
01:22,？？？？,2024.05.31
00:26,小升初A班！！,2024.05.31
00:55,团长,2024.05.31
00:25,接,2024.05.31
01:54,中考加油,2024.05.31
02:10,高考加油,2024.05.31
01:23,瑞中加油,2024.05.31
00:17,接,2024.05.31
00:51,奥尔加团长：(),2024.05.31
02:06,2024中考加油,2024.05.31
01:11,接,2024.05.31
01:56,许愿考上二中,2024.05.31
01:32,邯郸一中！,2024.05.31
00:03,接,2024.05.31
00:06,接,2024.05.31
00:10,中考必胜！！,2024.05.31
01:22,矿一！,2024.05.31
02:00,感谢拔叔！！！！,2024.05.31
00:34,我一定可以考上揭阳的揭东一中！,2024.05.31
00:11,高考上岸,2024.05.31
00:21,考不上的直接当食材,2024.05.31
00:19,中考加油,2024.05.31
00:50,up在别的平台直播的时候是有人点歌的，他的唱功很好,2024.05.31
00:21,谢谢拔叔,2024.05.31
00:07,高考加油，金榜题名,2024.05.31
01:51,哈哈哈哈哈,2024.05.31
00:49,中考上岸,2024.05.31
00:05,中考必胜,2024.05.31
00:03,高考大捷！！！！,2024.05.31
00:43,谢谢拔叔,2024.05.31
01:29,这不真的不是AI吗,2024.05.31
00:45,区一中！,2024.05.31
00:18,接接接,2024.05.31
01:29,去一中！,2024.05.31
00:06,我靠六十万?,2024.05.31
00:05,期末考试过！,2024.05.31
00:57,什么音乐人……人家直播说了音乐只是爱好,2024.05.31
02:16,不脱鞋知道变老,2024.05.31
00:09,什么居然61.4万粉丝了。,2024.05.31
01:51,战术假声,2024.05.31
01:15,凤凰高中！,2024.05.31
00:27,还不谢谢扳叔,2024.05.31
00:12,接,2024.05.31
01:08,金榜提名,2024.05.31
00:26,中考必胜,2024.05.31
00:20,做点餐给考生们助兴,2024.05.31
01:02,我想上一本！！！,2024.05.31
01:39,中考上岸！,2024.05.31
01:22,泪目,2024.05.31
00:14,说得好！,2024.05.31
02:02,中考加油！！！考上心中所想的高中！！！,2024.05.31
00:22,接,2024.05.31
00:43,杀了我助兴,2024.05.31
01:21,地生满分,2024.05.31
02:05,加油,2024.05.31
00:39,高考上岸!,2024.05.31
00:45,借您吉言,2024.05.31
01:43,前面大连理工那个，我在凌水湖畔等你哦！,2024.05.31
02:20,太帅了扳叔,2024.05.31
00:07,我接!,2024.05.31
01:09,福州大学,2024.05.31
01:21,大一的我想高考了,2024.05.31
02:03,高考加油！,2024.05.31
00:07,甄選未來的食材,2024.05.31
02:24,985,2024.05.31
01:16,吃的是哥哥的坤翅,2024.05.31
01:48,接好运！谢谢拔叔,2024.05.31
01:24,很有精神,2024.05.31
02:10,高考加油,2024.05.31
00:33,这波是鸿门宴,2024.05.31
00:04,祝大家体检合格,2024.05.31
00:22,谢谢,2024.05.31
02:07,高考加油,2024.05.31
00:11,高考大捷！,2024.05.31
00:16,中考加油！！！！,2024.05.31
02:05,高考上岸,2024.05.31
00:08,中考顺利，上岸一中,2024.05.31
02:04,谢谢拔叔,2024.05.31
01:01,谢谢扳叔,2024.05.31
00:16,接,2024.05.31
00:05,中考必胜！！！,2024.05.31
01:16,西华大学,2024.05.31
00:41,谢谢拔叔,2024.05.31
00:56,北京理工，冲刺冲刺,2024.05.31
01:01,秀全中学！,2024.05.31
00:36,中考上岸！,2024.05.31
01:20,高考加油,2024.05.31
01:11,我要上源清,2024.05.31
01:01,上岸,2024.05.31
02:24,谢谢扳叔！,2024.05.31
00:25,中考上岸,2024.05.31
00:23,谢谢你拔叔,2024.05.31
00:14,中考加油，我一定要上580！,2024.05.31
00:00,梦……梦泪？！,2024.05.31
01:08,多谢,2024.05.31
00:01,好像边江啊哈哈哈哈,2024.05.31
00:19,中考顺利！,2024.05.31
01:45,哈哈哈哈已经尽力唱高了,2024.05.31
00:37,接！考上心仪的大学,2024.05.31
00:34,拔叔喜欢熏制的，被知识熏陶的也算,2024.05.31
00:40,硬斤特写,2024.05.31
00:19,考必胜！,2024.05.31
01:12,高考加油！,2024.05.31
01:26,中考加油,2024.05.31
01:56,上岸,2024.05.31
00:21,接,2024.05.31
00:02,中考上岸,2024.06.01
02:12,2024高考加油！,2024.06.01
00:03,借你吉言,2024.06.01
02:06,2024中考加油，中考胜利,2024.06.01
01:09,中考加油,2024.06.01
00:18,中考加油，顺利上理想高中,2024.06.01
02:02,震川等我,2024.06.01
00:51,团长,2024.06.01
00:51,团长_,2024.06.01
01:16,这下不得不关注了,2024.06.01
00:24,地生满分,2024.06.01
00:40,高三五班lrh加油 发挥出最好的状态,2024.06.01
00:11,每周必看,2024.06.01
00:09,谢谢拔叔！,2024.06.01
00:08,南大附中加油,2024.06.01
00:24,谢谢啦,2024.06.01
02:16,祝我也祝各位中考必胜，高中状元，金榜题名！,2024.06.01
01:35,中文这么好吗？,2024.06.01
00:07,达叔教你做减脂餐。,2024.06.01
00:09,每周必看,2024.06.01
00:10,高考蒙的全对,2024.06.01
00:33,啊,2024.06.01
00:12,看见您的那一刻稳了，全都稳了考试稳了。,2024.06.01
00:18,接,2024.06.01
00:08,每周必看,2024.06.01
00:21,学业有成，暴富暴美，心想事成，好运连连，身体健康,2024.06.01
00:10,高考上岸,2024.06.01
01:59,中考上岸！,2024.06.01
02:21,浙大等我,2024.06.01
00:08,中考加油,2024.06.01
00:24,多拿一分，干掉千人，吃掉千人，获取一分,2024.06.01
00:47,2024中考必胜 ,2024.06.01
02:24,谢谢！,2024.06.01
01:13,县中我来啦！,2024.06.01
01:07,加油！,2024.06.01
00:05,干掉千人，多得一分,2024.06.01
02:16,   高考 加油！,2024.06.01
01:49,谢谢拔叔,2024.06.01
00:07,接接接！！！,2024.06.01
02:23,谢谢扳叔！！,2024.06.01
00:06,接！,2024.06.01
00:06,接接接！！！,2024.06.01
00:06,接接接！！,2024.06.01
00:05,领取好运，谢谢你！,2024.06.01
00:05,接,2024.06.01
01:11,中考加油!！！！,2024.06.01
01:05,借您吉言,2024.06.01
00:52,他的手弹钢琴的时候好奇怪，一卡一卡的,2024.06.01
01:19,中考加油！！,2024.06.01
00:01,稳了,2024.06.01
00:25,食品：差生,2024.06.01
00:31,谢拔叔,2024.06.01
00:41,谢谢,2024.06.01
00:37,考上一中！,2024.06.01
00:01,我现在在仔细一看，只不过名字发现是汉尼扳,2024.06.01
00:07,每周必看,2024.06.01
00:20,加油,2024.06.01
00:06,中考必胜,2024.06.01
00:16,接！,2024.06.01
00:13,高考加油，中考必胜，金榜题名！,2024.06.01
00:06,中考加油,2024.06.01
02:05,中考必胜！,2024.06.01
01:26,柏庐等我,2024.06.01
01:20,中考必胜,2024.06.01
02:26,谢谢！,2024.06.01
01:54,谢谢，上岸！,2024.06.01
00:08,学业有成,2024.06.01
00:15,Thanks for your congratulation.,2024.06.01
01:18,烟台大学上岸,2024.06.01
00:13,我地生会考(ᇂ_ᇂ|||),2024.06.01
00:18,为什么总感觉讲中文的时候声音有点像胖橘啊？,2024.06.01
00:24,祝高三和初三的同学们旗开得胜，努力就有回报，加油！,2024.06.01
02:02,接！中考上岸！！,2024.06.01
00:05,祝我中考顺利,2024.06.01
00:38,中考超常发挥,2024.06.01
02:07,中考加油,2024.06.01
00:04,各位高考中考都加油！！！,2024.06.01
00:31,中考必胜,2024.06.01
00:11,中考必胜！,2024.06.01
00:57,谢谢扳叔,2024.06.01
00:19,中考上岸！考上一中！,2024.06.01
00:02,中考上岸,2024.06.01
00:08,初二学弟祝初三高三学长学姐中高考顺利,2024.06.01
01:03,中考加油！,2024.06.01
00:44,谢谢扳叔,2024.06.01
01:17,赢！,2024.06.01
00:06,中考必胜！,2024.06.01
01:22,中考加油！,2024.06.01
00:41,谢谢扳叔,2024.06.01
01:01,同济大学等我,2024.06.01
01:03,考出超常水平！,2024.06.01
00:39,高考无憾！,2024.06.01
01:23,哇 扳叔厉害 好听耶,2024.06.01
01:16,抚州一中，我来了！,2024.06.01
01:01,万能拔叔,2024.06.01
00:26,中考500分找个漂亮对象换14ipad,2024.06.01
01:17,中考鲁山一高正取！！！,2024.06.01
01:08,一高！！！,2024.06.01
00:14,加油,2024.06.01
00:19,谢谢,2024.06.01
00:43,安抚食材情绪（doge）,2024.06.01
00:05,汉尼拨,2024.06.01
00:20,中考加油！,2024.06.01
01:18,中考加油！,2024.06.01
00:21,我不吃人肉,2024.06.01
01:05,一本线,2024.06.01
01:02,太难了我哭死,2024.06.01
00:10,中考顺利！,2024.06.01
00:13,中考加油,2024.06.01
00:03,接,2024.06.01
01:08,高考加油,2024.06.01
02:05,谢谢扳叔,2024.06.01
02:07,还有30天了，中考加油,2024.06.01
01:44,浙大,2024.06.01
02:01,上岸！,2024.06.01
01:26,浙大冲冲冲,2024.06.01
00:50,啊？,2024.06.01
00:15,那所有课都稳了。,2024.06.01
00:13,会考加油！！！,2024.06.01
02:25,谢谢,2024.06.01
02:31,谢谢板叔,2024.06.01
00:09,接,2024.06.01
01:29,中考必胜！！！,2024.06.01
01:00,您来真的？？,2024.06.01
01:16,兰陵一中！,2024.06.01
01:06,阳新一中,2024.06.01
02:09,高考必胜！,2024.06.01
00:18,高考上岸！,2024.06.01
02:32,加油,2024.06.01
01:33,高考上岸！,2024.06.01
01:28,高考加油！,2024.06.01
00:34,加油,2024.06.01
00:19,。,2024.06.01
00:09,中考加油！,2024.06.01
00:30,给我来一个爱因斯坦大脑切片火锅谢谢,2024.06.01
00:07,中考必胜！金榜题名！,2024.06.01
00:37,谢谢,2024.06.01
00:34,14天中考，端午放假一天，13天中考,2024.06.01
00:13,落榜的全煮了,2024.06.01
02:31,加油！,2024.06.01
00:00,数学生物必过,2024.06.01
01:21,科学城！,2024.06.01
02:31,感谢,2024.06.01
01:17,黄海高中,2024.06.01
00:27,接,2024.06.01
02:27,谢谢扳叔！,2024.06.01
01:42,深大!,2024.06.01
02:30,谢谢,2024.06.01
02:03,想考试?先来烤烤你,2024.06.01
02:09,高考加油,2024.06.01
00:19,谢谢拔叔,2024.06.01
02:03,义乌三中！我终会抓住你,2024.06.01
00:07,中考必胜,2024.06.01
00:08,中考加油！！！,2024.06.01
01:55,这下是不得不关注了,2024.06.01
00:19,一开口怎么有点像沈腾,2024.06.01
00:06,每周必看,2024.06.01
01:57,谢谢扳叔,2024.06.01
00:02,谢谢拔叔捏,2024.06.01
01:03,感谢jm汉化组,2024.06.01
00:13,高考加油,2024.06.01
00:51,你真会啊,2024.06.01
02:12,感谢拔叔,2024.06.01
00:18,什么沈腾,2024.06.01
01:17,茶啊二中,2024.06.01
00:40,谢谢拔叔,2024.06.01
02:07,19届老登，在此为你们祝贺,2024.06.01
01:01,2024高考550以上,2024.06.01
01:29,二中,2024.06.01
02:01,各位加油加油,2024.06.01
01:20,中考加油!,2024.06.01
00:05,中考上岸,2024.06.01
00:39,三中等我！,2024.06.01
02:06,高考上岸,2024.06.01
01:20,高考必胜,2024.06.01
01:06,中考加油,2024.06.01
01:05,中考上岸,2024.06.01
00:08,涨粉狂魔,2024.06.01
01:55,谢谢,2024.06.01
00:35,中考加油！,2024.06.01
00:14,接接接，中考心态好好，超常发挥,2024.06.01
00:16,祝我中考超常发挥,2024.06.01
00:39,谢谢拔叔,2024.06.01
00:05,生地中考加油,2024.06.01
02:14,中考加油祝我也祝你们,2024.06.01
00:37,稳辣，谢谢扳叔,2024.06.01
00:59,ai识歌,2024.06.01
02:06,高考一本！！,2024.06.01
00:12,中考上岸,2024.06.01
00:26,接,2024.06.01
